username,caption,post_time,scrape_time,views,likes,comments,shares,undefined,hashtags,sound_id,sound_title,uses_sound_count,video_id,video_url
pocochibo,SiÃªu thá»‹ ngoÃ i hÃ nh tinh,2025-04-03 06:14:02,2025-04-08 20:18:28,2.1M,45.4K,611,2284,4912,,7488966720536103686,nháº¡c ná»n - Má»—i ngÃ y 1 videoğŸ™„,1 videos,7488966293702331703,https://www.tiktok.com/@pocochibo/video/7488966293702331703
nguyn.hi.yn984,BÃ¡c nÃ o biáº¿t báº£o e vá»›i,2025-01-27 11:55:37,2025-04-08 20:18:45,,512.6K,16.7K,90K,23K,"nguyenhaiyen98, xuhuong",7464562726044863233,nháº¡c ná»n - Nguyá»…n Háº£i Yáº¿n98,44 videos,7464562698131377415,https://www.tiktok.com/@nguyn.hi.yn984/video/7464562698131377415
chenlgmwhja,,2025-02-15 14:53:23,2025-04-08 20:18:56,,22.2K,688,1980,4619,,7471659162868779777,åŸå£° - å¡å°”,1 videos,7471659126590868743,https://www.tiktok.com/@chenlgmwhja/video/7471659126590868743
26122005btnq,Con chá»‹u rá»“i,2025-02-09 03:56:07,2025-04-08 20:19:07,8.3M,327.3K,7183,241.1K,23.3K,,7469263289483102977,nháº¡c ná»n - Thuá»· ThÆ°á»£ng Non,269 videos,7469263239793200391,https://www.tiktok.com/@26122005btnq/video/7469263239793200391
annhien.3110,BÃ  dÃ¬ trong truyá»n thuyáº¿t nÃ¨ cÃ´ chÃº Æ¡i huhuuu,2025-03-27 13:15:20,2025-04-08 20:19:17,3.8M,152K,2217,4331,5957,"bothuineğŸ¥‘, mannhu, mannhuğŸ¯",7486477535849499393,nháº¡c ná»n - ğ‘©ğ’Ì› ğ‘»ğ’‰ğ’–Ìğ’Šğ’Šğ’Š ğ’ğ’†Ì€ğŸ¥‘,1 videos,7486477264059026706,https://www.tiktok.com/@annhien.3110/video/7486477264059026706
longchun9494,Khing chÃº Ã ?,2025-01-22 12:49:10,2025-04-08 20:19:28,40.2M,708.5K,5285,28.5K,26.2K,,7462721134519225104,nháº¡c ná»n - Long Chun DailyğŸ”¥,39 videos,7462721070345309458,https://www.tiktok.com/@longchun9494/video/7462721070345309458
tinathaothi,con chÃºc má»«ng máº¹eeee ğŸ’—,2025-03-01 02:15:40,2025-04-08 20:19:39,16.9M,977.8K,10.1K,10.4K,27.6K,"tinathaothi, tinathaothidaily",7476659892330171153,nháº¡c ná»n - tinathaothi,2 videos,7476659054601932050,https://www.tiktok.com/@tinathaothi/video/7476659054601932050
nhenchannel,Nobita luÃ´n lÃ  ngÆ°á»i hiá»ƒu Doraemon nháº¥t nhá»‰,2025-03-19 12:28:20,2025-04-08 20:19:57,1.8M,52.9K,1851,2221,6775,"doremon, shizuka, doraemonnobita, shizuka, tranhdenled",7339736681966258946,nháº¡c ná»n - AnhhPhapp_04,80 videos,7483496471774399762,https://www.tiktok.com/@nhenchannel/video/7483496471774399762
lynhaky76,gÃ¡i cá»§a con trai Ä‘á»‘i xá»­ vá»›i máº¹ khÃ´ng ra gÃ¬..,2025-02-20 04:42:26,2025-04-08 20:20:09,,46.7K,556,1089,4643,báº¡n,7473357167559510800,nháº¡c ná»n - ğŸ¥€ğŸ¥€mÆ°a Ä‘Ãªm tá»‰nh nhá» ğŸ¥€ğŸ¥€,4 videos,7473357109963279624,https://www.tiktok.com/@lynhaky76/video/7473357109963279624
ctbyenne,,2025-03-17 08:56:37,2025-04-08 20:20:21,12.2M,288K,3840,25.4K,10.2K,,6927016038370428930,Funny,11.7M videos,7482699745253805330,https://www.tiktok.com/@ctbyenne/video/7482699745253805330
nguyenchinguyen1997,NhÃ  thÃ¬ nghÃ¨o nhÆ°ng ná»™i tháº¥t pháº£i sang,2025-03-04 04:03:12,2025-04-08 20:20:32,,980.8K,28.9K,78K,40.2K,"tuncuibap2, tuncuibap2ğŸŒ½ğŸŒ½ğŸŒ½",7477800747405724433,nháº¡c ná»n - Tuncuibap2ğŸŒ½ğŸŒ½ğŸŒ½,15 videos,7477800021946027271,https://www.tiktok.com/@nguyenchinguyen1997/video/7477800021946027271
thaybeou40,Replying to,2025-01-21 07:34:39,2025-04-08 20:20:43,,662.3K,12.1K,23.2K,41.6K,"thaybeou40, unboxing, blindbox, unbox",7021231872424298497,"Sneak, suspicious, stupid, thief, sneak in(1108491)",139.1K videos,7462268935174458632,https://www.tiktok.com/@thaybeou40/video/7462268935174458632
nnnmha,Pháº§n 1 : Báº¡n Ä‘Ã£ bao giá» nhÃ¬n tháº¥y má»™t con khá»‰ giá»‘ng ngÆ°á»i chÆ°a,2025-01-13 14:35:39,2025-04-08 20:21:13,,171.7K,1586,10.3K,20.1K,,7459408937072593680,nháº¡c ná»n - ğ‘ºğ‘®ğ‘· ğ’ğ’Šğ’ğ’ğ’ğ“ƒ¹,6 videos,7459408744833879304,https://www.tiktok.com/@nnnmha/video/7459408744833879304
minh.hanglu,Äá»“ng nghiá»‡p tÃ´i vÃ  nhá»¯ng lá»i há»©a má»™c máº¡c,2025-01-18 09:46:01,2025-04-08 20:21:27,10.6M,174.6K,1013,1169,4742,"xuhuong, yep, yearendparty, banker",7461189566343416593,nháº¡c ná»n - Máº¹ banker cá»§a Khoai XoÃ i,1 videos,7461189532998814983,https://www.tiktok.com/@minh.hanglu/video/7461189532998814983
tinathaothidaily,tui mÃª Äƒn á»‘c láº¯m máº¥y bÃ  Æ¡i,2025-03-19 14:04:51,2025-04-08 20:21:38,6.3M,303.5K,2939,27.6K,23.7K,"tinathaothi, tinathaothidaily",7483521796923968272,nháº¡c ná»n - tinathaothidaily,2 videos,7483521344873794834,https://www.tiktok.com/@tinathaothidaily/video/7483521344873794834
thichhuongg,Trong cÃ¡i rá»§i láº¡i cÃ³ cÃ¡i may ğŸ¥¹,2025-01-18 13:32:21,2025-04-08 20:21:52,3.3M,263.7K,1821,7463,15.8K,"thichhuong, metub, fyp, tiktokgiaitri, justforfun, lauracoffee, nhatkimanh",6817537101886654466,R & B-like jersey club,1115 videos,7461247859212422420,https://www.tiktok.com/@thichhuongg/video/7461247859212422420
vietphuongthoa98,"Tháº¥y tÃ´i váº­y, cháº¯c c vui láº¯m",2025-03-12 14:11:09,2025-04-08 20:22:04,7.8M,341.5K,2172,7341,12.3K,,7480926106972080912,nháº¡c ná»n - Viá»‡t PhÆ°Æ¡ng Thoa,2 videos,7480925373933292818,https://www.tiktok.com/@vietphuongthoa98/video/7480925373933292818
isnhkl,Sorry ğŸ˜­,2025-02-02 02:01:48,2025-04-08 20:22:17,42.4M,1.2M,7719,211K,31.6K,"tamansafariindonesia, hippo",,,,7466636181225098502,https://www.tiktok.com/@isnhkl/video/7466636181225098502
kimhaunheii_,Láº­t tung hiá»‡u sÃ¡ch Ä‘á»ƒ sÄƒn dÆ°a háº¥u ğŸ‰,2025-02-19 15:02:56,2025-04-08 20:22:25,2.5M,131.8K,1006,1199,3665,"dqn, kimhaunheii_",6849968592285337602,Very cute melody by marimba tone(39813),7.1M videos,7473145928132676871,https://www.tiktok.com/@kimhaunheii_/video/7473145928132676871
60giay.com,NGHE MÃ€ Cá»¨ NHÆ¯ TIáº¾NG TRáºº CON KHÃ“C THáº¢M THIáº¾T áº¤Y ğŸ˜¨,2025-04-02 15:53:41,2025-04-08 20:22:37,,80.3K,2107,5422,4455,"60giay, theanh28, tiktoknews",,,,7488744584764296454,https://www.tiktok.com/@60giay.com/video/7488744584764296454
vo.nga580,Báº¡n Ä‘Ã£ cÆ° xá»­ nhÆ° tháº¿ nÃ o khi bá»‹ tá»« chá»‘i?,2025-02-22 00:58:47,2025-04-08 20:23:00,,60.5K,3354,4125,5751,"learnontiktok, trietlycuocsong, sachhay, manandbook",7441856495693925136,nháº¡c ná»n - SÃ¡ch hay âœ…,15 videos,7474041648448670984,https://www.tiktok.com/@vo.nga580/video/7474041648448670984
noah.mcn,Liá»‡u Trump cÃ³ pháº£i báº£o máº«u cá»§a con trai Elon Musk ????,2025-03-19 07:30:06,2025-04-08 20:23:12,4.2M,162K,682,2390,5377,"noahmcn, noahnetwork, elonmusk",7483419798894955280,original sound - Noah MCN,1 videos,7483419619454242068,https://www.tiktok.com/@noah.mcn/video/7483419619454242068
tunpham97,CÃ¡c gia Ä‘Ã¬nh trÆ°á»›c vÃ  sau khi sinh con,2025-02-22 04:05:19,2025-04-08 20:23:23,,229.2K,2585,41.7K,7675,,7474089898446801681,nháº¡c ná»n - Tun Pháº¡m Official,2 videos,7474089715537399058,https://www.tiktok.com/@tunpham97/video/7474089715537399058
beatvn_viralworld,Cháº¯c tá»‰nh cáº£ ngÃ y láº«n Ä‘Ãªm luÃ´n quÃ¡ =))),2025-01-14 04:42:43,2025-04-08 20:23:39,,216.5K,5310,9036,8379,"beatviralworld, beatnetwork, bnetwork, beatvn, beatoflife",7459627139927690000,nháº¡c ná»n - Beatvn Viral World,1 videos,7459627031546891527,https://www.tiktok.com/@beatvn_viralworld/video/7459627031546891527
t.chnie15,em cá»© á»Ÿ Ä‘Ã³ cáº£ tháº¿ giá»›i Ä‘á»ƒ anh loğŸ«°ğŸ»,2025-03-11 02:44:16,2025-04-08 20:24:07,8.5M,648.8K,4050,38.7K,43.4K,"iu, parkbogum, whenlifegivesyoutangerines, fyp, viralvideo",,,,7480377276501134600,https://www.tiktok.com/@t.chnie15/video/7480377276501134600
,,2025-03-31 11:18:49,2025-04-08 20:24:15,,146,,,,,,,,7487931580284030263,
xxeirazx,Tráº£ lá»i,2025-03-31 11:18:49,2025-04-08 20:24:43,47.1M,1.8M,10K,67.2K,101.6K,"chamsocda, skincare, xxeirazx",7487931611339295543,nháº¡c ná»n - Eira Nguyen,4 videos,7487931580284030263,https://www.tiktok.com/@xxeirazx/video/7487931580284030263
mikeden,Báº¡n Ä‘oÃ¡n lÃ  tá»‰nh thÃ nh nÃ o? ğŸ¤”ğŸ’¬,2025-02-01 09:10:30,2025-04-08 20:24:54,,130.4K,21.7K,1104,6864,"MikeDen, AngelPlay, Tet2025, GamingOnTikTok",7466375602004527889,nháº¡c ná»n - Mike Äen,1 videos,7466375574244658450,https://www.tiktok.com/@mikeden/video/7466375574244658450
matfattv,Con gÃ¡i cÃ¡c mom cÃ³ thuá»³ má»‹ ko :))),2025-02-06 12:32:44,2025-04-08 20:25:06,39.7M,1.1M,21.6K,400.5K,69.5K,"xuhuong, fyp, matfattv",,,,7468283113769078023,https://www.tiktok.com/@matfattv/video/7468283113769078023
auaudouyin,Lucy Shimmers And The Prince Of Peace,2025-02-15 06:05:11,2025-04-08 20:25:14,,961.1K,10.5K,63.3K,104.9K,reviewphim,7471523175147326225,nháº¡c ná»n - Ã‚u Ã‚u - Review phim douyin,9 videos,7471523009665240328,https://www.tiktok.com/@auaudouyin/video/7471523009665240328
congvovfc,Háº­u TrÆ°á»ng quáº£ ná»• !,2025-01-15 03:48:13,2025-04-08 20:25:53,25M,436.3K,2025,6012,20.8K,khongthoigian,7459984101593254672,nháº¡c ná»n,54 videos,7459984071964249352,https://www.tiktok.com/@congvovfc/video/7459984071964249352
saigonteu,Nhá»¯ng cÃ¢u Ä‘Ã¹a cÃ³ má»™t khÃ´ng hai cá»§a ba - Huá»³n Khanh Saigon Táº¿u,2025-02-10 10:06:16,2025-04-08 20:26:04,1.4M,41.4K,467,2628,2774,"saigonteu, haidocthoai, huynkhanh",7469730019780102929,original sound - Saigon Táº¿u,4 videos,7469729709367053588,https://www.tiktok.com/@saigonteu/video/7469729709367053588
beatvn_viralworld,Tá»± dÆ°ng láº¡i tháº¥y khÃ³ chá»‹u lÃ  nhÆ° nÃ o nhá»ƒ =))),2025-01-14 18:57:11,2025-04-08 20:26:22,24.6M,317.2K,6199,4096,12K,"beatviralworld, beatnetwork, bnetwork, beatvn, beatoflife",7459847290061458193,nháº¡c ná»n - Beatvn Viral World,3 videos,7459847227175881991,https://www.tiktok.com/@beatvn_viralworld/video/7459847227175881991
60giay.com,"CUá»˜C Sá»NG Vá»N VÃ” THÆ¯á»œNG< HÃƒY TRÃ‚N TRá»ŒNG NÃ“ Tá»ªNG KHOáº¢NH KHáº®C, CÃC Báº N NHÃ‰",2025-03-03 05:16:38,2025-04-08 20:26:51,,855K,11.4K,48.5K,41.7K,"tiktoknews, theanh28, 60giay",,,,7477447862939405586,https://www.tiktok.com/@60giay.com/video/7477447862939405586
leducmew,Game má»›i chÆ¡i láº¹ cÃ¡c mom Æ¡i :)),2025-03-17 12:01:39,2025-04-08 20:27:05,17M,1.3M,3204,213.3K,165.4K,"tráº§nleÄ‘á»©c, leduc, mewna",7482747606804876049,nháº¡c ná»n - Tráº§n LÃª Äá»©c,12 videos,7482747426130955528,https://www.tiktok.com/@leducmew/video/7482747426130955528
vtvcab.khampha.onlive,Con gáº¥u Ä‘Ã£ pháº£i tráº£i qua nhá»¯ng gÃ¬,2025-02-28 16:29:46,2025-04-08 20:27:16,,102.1K,1210,7859,5249,"vtvlive, vtvcab, onlive, khampha, ndh",7476508162343553808,nháº¡c ná»n - VTVcab KhÃ¡m phÃ¡,2 videos,7476508071951486228,https://www.tiktok.com/@vtvcab.khampha.onlive/video/7476508071951486228
tp.ho.b.by5,Nguá»“n gá»‘c mÃ³n Äƒn váº·t thÆ°á»ng ngÃ y mÃ  báº¡n váº«n hay Äƒn,2025-02-27 15:08:50,2025-04-08 20:27:27,,476.3K,1557,5653,23K,"xuhuongtiktok, reviewphim, phimhaymoinhat",7476116731263191824,nháº¡c ná»n - Táº¡p hoÃ¡ bÃ  báº£y,1 videos,7476116128788483346,https://www.tiktok.com/@tp.ho.b.by5/video/7476116128788483346
po.trann77,Vá» quÃª tháº¥y nhÃ  em váº­y rá»“i a cÃ²n yÃªu em hong ğŸ¥º,2025-02-05 09:04:32,2025-04-08 20:27:39,22.8M,1.1M,4468,9020,30.1K,"tranthanhtam, antamfamily, metaverseentertainment",7467858618164022032,nháº¡c ná»n - Tráº§n Thanh TÃ¢m,62 videos,7467858376655949077,https://www.tiktok.com/@po.trann77/video/7467858376655949077
vandunz1007,MÃ¬nh dáº¡o nÃ y!,2025-01-08 13:47:27,2025-04-08 20:27:51,,128.1K,1653,2238,3926,"dungdabeo23nam, giamcanthanhcong, thamhutcalo, giamcan, giamcanantoan, changemylife, dungdabeo23nam, capcut",7457540929625623313,nháº¡c ná»n - Dung Ä‘Ã£ bÃ©o 23 nÄƒm,2 videos,7457540896469323026,https://www.tiktok.com/@vandunz1007/video/7457540896469323026
thaido1254,Tá»± dÆ°ng Ä‘á»•i cÃ¡ch nÃ³i cÃ¡i tháº¥y sang má»“m háº³n :))))),2025-01-30 12:29:29,2025-04-08 20:28:02,3.6M,324.2K,3335,71.1K,25.6K,thaido1254,7465684711177571089,nháº¡c ná»n - ThÃ¡i Äá»™,3 videos,7465684678758944007,https://www.tiktok.com/@thaido1254/video/7465684678758944007
blogtamsu.nghenghiep,Hiá»‡n váº­t bÃ­ áº©n Ä‘Æ°á»£c tÃ¬m tháº¥y ğŸ˜±ğŸ˜±,2025-02-10 10:01:52,2025-04-08 20:28:13,,337K,21.5K,344.3K,28.5K,"tqdsh, btsmedia, blogtamsu, videoviral, trending, trendingvideo, xuhuong, fyp, viral, foryou, amazingvideo, moments, moment, viralvideo, khampha, discovery, mistery, scary, scarystories, find, antique, archaeology, history",,,,7469728576527437074,https://www.tiktok.com/@blogtamsu.nghenghiep/video/7469728576527437074
beisme08,tui Ä‘Ã£ sai á»Ÿ Ä‘Ã¢u ğŸ¥²,2025-03-29 13:21:20,2025-04-08 20:28:22,5.5M,112K,979,3797,5048,,7487220983851322117,nháº¡c ná»n - Beisme.hi,1 videos,7487220981388381495,https://www.tiktok.com/@beisme08/video/7487220981388381495
theanh28entertainment,QUÃ NHANH QUÃ NGUY HIá»‚M,2025-02-13 08:51:24,2025-04-08 20:28:34,,381.8K,6805,36.3K,14.3K,"tiktoknews, theanh28, theanh28news",,,,7470823674807913746,https://www.tiktok.com/@theanh28entertainment/video/7470823674807913746
vietphuongthoa98,Mukbang Ä‘Ã¡m cÆ°á»›i thoyyy ğŸ¤¤,2025-03-16 17:00:56,2025-04-08 20:28:45,,1.2M,8610,17.1K,35.9K,,7482454390130526993,nháº¡c ná»n - Viá»‡t PhÆ°Æ¡ng Thoa,1 videos,7482453466929958162,https://www.tiktok.com/@vietphuongthoa98/video/7482453466929958162
onenamexuynss.04,Äi sinh nháº­t Ä‘á»ƒ Ä‘c gáº·p cr ...,2025-01-23 13:50:49,2025-04-08 20:29:20,,984.4K,3344,16.5K,66K,"editphimlike04, xuynsğŸ°, xhtiktok, fyp, vinhlong, phimhay, tinhyeudoilua",7463108063919770385,nháº¡c ná»n - á´€. xÊÉ´êœ± ğŸ’¤,83 videos,7463108041991359762,https://www.tiktok.com/@onenamexuynss.04/video/7463108041991359762
c.h.o.u1000cc,,2025-02-07 05:06:47,2025-04-08 20:29:49,22.4M,391.2K,12.4K,91.5K,37.1K,capcut,7468539510834400001,original sound - CHOU.,37 videos,7468539279560477970,https://www.tiktok.com/@c.h.o.u1000cc/video/7468539279560477970
babixoxo__,KÄ© nÄƒng sá»‘ng,2025-03-19 12:46:13,2025-04-08 20:30:00,4M,282.2K,1035,16.6K,10.9K,,7483501215276452609,nháº¡c ná»n - BABIXOXO ğŸ©,30 videos,7483501079338994960,https://www.tiktok.com/@babixoxo__/video/7483501079338994960
chamchuoi35,CÆ¡m gÃ¬ Ä‘Ã¢y lÃ  cÆ¡m gÃ¬ Ä‘Ã¢y ğŸ¤£,2025-03-08 10:59:25,2025-04-08 20:30:11,,74K,14.2K,2685,6621,,7479392216155163393,nháº¡c ná»n - ChÃ¢m Chuá»‘i 35,11 videos,7479391620777938197,https://www.tiktok.com/@chamchuoi35/video/7479391620777938197
hoangdahuong,Nháº¹ mÃ  cá»¡ Ä‘Ã³ ğŸ¥¹,2025-03-26 11:13:44,2025-04-08 20:30:22,7.2M,379K,14.4K,80.9K,16.2K,hoangmobi,7486074882447493904,nháº¡c ná»n - HoÃ ng Mobi ğŸ’,6 videos,7486074844015021319,https://www.tiktok.com/@hoangdahuong/video/7486074844015021319
10c8.kt.ni.yu.thn,Äang mÆ¡ mÃ ..,2025-03-08 01:36:33,2025-04-08 20:30:34,26.4M,3M,13.6K,641.1K,163.5K,xhhhhhhhhhhhhhhhhhhhhhhh,7479246616612834064,nháº¡c ná»n - 10c8 káº¿t ná»‘i yÃªu thÆ°Æ¡ng,45 videos,7479246574183271688,https://www.tiktok.com/@10c8.kt.ni.yu.thn/video/7479246574183271688
yennoicomdien,Khi Máº¹ nhá» tui Ä‘i mua Ä‘á»“ vÃ  cho xiá»n thá»«a kiá»ƒu ğŸ˜±,2025-02-18 13:12:58,2025-04-08 20:30:44,2.2M,68K,473,1337,5321,"chiyennoicomdien, lapnguyen, tiktokgiaitri, trending, fypã‚·, learnontiktok, genz, viral, babythree, xuhuong",7472746657659898641,nháº¡c ná»n - Yáº¿n Ná»“i CÆ¡m Äiá»‡n,13 videos,7472746502360665361,https://www.tiktok.com/@yennoicomdien/video/7472746502360665361
beatvn_viralworld,ÄÆ°á»£c thÃªm Ã´ng con há»£p tÃ¡c pháº¿t áº¥y nhá» =))),2025-02-22 03:22:33,2025-04-08 20:30:56,,358.7K,4423,27K,25.8K,"beatviralworld, beatnetwork, bnetwork, beatvn, beatoflife",7474078763920214801,nháº¡c ná»n - Beatvn Viral World,1 videos,7474078696203341063,https://www.tiktok.com/@beatvn_viralworld/video/7474078696203341063
_pghihi,Dá»¥ Ä‘Ã n em Äƒn káº¹o thÃºii,2025-03-27 13:00:18,2025-04-08 20:31:21,4.8M,295.3K,933,2951,11.7K,"cuhanhtay, fyp, keothui",7007246728919386906,NHáº C Sá»” Sá»,38.5K videos,7486473391088651540,https://www.tiktok.com/@_pghihi/video/7486473391088651540
theanh28entertainment,"Sáº®P Tá»šI Rá»’I, Sáº®P Tá»šI Rá»’I :))",2025-02-16 07:38:45,2025-04-08 20:31:32,,1.3M,23.2K,248.6K,79.8K,"theanh28, tiktoknews, theanh28news",,,,7471918206706273544,https://www.tiktok.com/@theanh28entertainment/video/7471918206706273544
hoangdahuong,+ 1 video giá»¯ chuá»—i ğŸ˜‚,2025-03-30 04:52:57,2025-04-08 20:31:43,5.7M,358.3K,6531,670.3K,39.2K,hoangmobi,7487461038678805254,nháº¡c ná»n - HoÃ ng Mobi ğŸ’,10 videos,7487461056894356741,https://www.tiktok.com/@hoangdahuong/video/7487461056894356741
60s9979,BÃ€ LÃƒO THÃCH MÃ€U XANH sá»± tháº­t gÃ¢y sá»‘c P.1,2025-03-27 07:19:45,2025-04-08 20:31:54,7M,102.8K,3406,8773,6812,"funnyvideos, fyp, foruyou, chuyenla, bian, foryoupageofficiall, mau, xanh, film",7486385676112448272,nháº¡c ná»n - 60stikTOK,6 videos,7486385633972260104,https://www.tiktok.com/@60s9979/video/7486385633972260104
lets_play_agame,Choose where to hide Lvl Hard ğŸ’€,2025-03-02 13:57:39,2025-04-08 20:32:05,8.1M,217K,11K,25.6K,12.6K,"trending, survive, viral, tiktok, fpy, hidegame, hideandseek, terrifier, letsplayagame",7477211061676493569,original sound - lets_play_agame,8 videos,7477211039340186898,https://www.tiktok.com/@lets_play_agame/video/7477211039340186898
heyiamlinda,Má»i ngÆ°á»i thá»­ cÃ¡ch nÃ y nhÃ© ğŸ¤­,2025-03-07 13:31:18,2025-04-08 20:32:15,5.9M,245.5K,531,2231,8119,,7376187573305542695,LoFi Hip Hop Commercial,109K videos,7479059676341079304,https://www.tiktok.com/@heyiamlinda/video/7479059676341079304
ngocngoongo,Má»i ngÆ°á»i tháº¥y sao :))),2025-04-04 02:07:59,2025-04-08 20:32:33,2.7M,159.8K,1546,5518,7686,"leuheu, tiktokgiaitri, tiktoksoiphim, filmtok, movietok, ngocngoongo",7489274036447365943,nháº¡c ná»n - Ngá»c Ngoo NgÆ¡,1 videos,7489273972991855878,https://www.tiktok.com/@ngocngoongo/video/7489273972991855878
sxllongtieng,ÄÄƒng sá»›m Ä‘i lÃ m bÃ i táº­p nho,2025-02-20 13:29:26,2025-04-08 20:32:44,2M,167.9K,1364,43.1K,12.6K,"longtieng, webarebears, chungtoidongianlagau, longtiengphim, hoathinh",7473492982172224257,nháº¡c ná»n - SÃºp XÃ  LÆ¡ Lá»“ng Tiáº¿ng,11 videos,7473492919068970248,https://www.tiktok.com/@sxllongtieng/video/7473492919068970248
nttt_1709098,ig:nttt_1709098 nha,2025-01-30 12:01:11,2025-04-08 20:32:54,14.7M,667.6K,5053,7774,21.7K,,7430350513599712016,erm,363.4K videos,7465677386667920658,https://www.tiktok.com/@nttt_1709098/video/7465677386667920658
quocdung833,,2025-02-17 13:09:22,2025-04-08 20:33:05,,802K,15.3K,427.9K,52K,,7472374624106351377,nháº¡c ná»n - Quá»‘c DÅ©ng,178 videos,7472374490387778817,https://www.tiktok.com/@quocdung833/video/7472374490387778817
baneiiisan,Con xÃ  niÃªng vÃ  con hÃ  nÃ m =))))),2025-01-24 06:20:45,2025-04-08 20:33:16,4.2M,347.5K,1710,36.3K,19.7K,"huynhlap, cauutcauconcuc4, cuccc, quangtrung, tet, fypã‚·, xuhuong, duykhanh, huudang",7463363391274535696,nháº¡c ná»n - GOOSE cá»§a Khang ğŸª¿,2 videos,7463363149446597889,https://www.tiktok.com/@baneiiisan/video/7463363149446597889
saothannong.net,8 nÄƒm Äƒn keo cau vÃ  cÃ¡i káº¿t Ä‘áº¯ng cá»§a chÃ ng trai 18 tuá»•i,2025-02-14 12:14:56,2025-04-08 20:33:27,13.4M,241.7K,5490,61K,10.1K,keocaukhotrungquoc,7471247255540009729,nháº¡c ná»n - Sao Tháº§n NÃ´ng,24 videos,7471247208604618002,https://www.tiktok.com/@saothannong.net/video/7471247208604618002
annhien_boiboi,Tráº£ lá»i,2025-01-25 02:37:07,2025-04-08 20:33:39,,442K,3050,4257,19.8K,,7463676671125375760,nháº¡c ná»n - AnNhiÃªn â¤ï¸ Bá»‘iBá»‘i,3 videos,7463676604590476551,https://www.tiktok.com/@annhien_boiboi/video/7463676604590476551
hanoinews.theanh28,NGHE Bá» Äá»ŒC VÄ‚N KHáº¤N LÃš LUN MÃ€ ğŸ¤£,2025-01-31 12:27:10,2025-04-08 20:33:53,,251.7K,1733,11.7K,13.5K,"hanoinews, theanh28, tiktoknews, tet2025",7466055279730330385,nháº¡c ná»n - HÃ  Ná»™i News,9 videos,7466055166765059329,https://www.tiktok.com/@hanoinews.theanh28/video/7466055166765059329
thanhtuyendaily,Cáº£m Æ¡n vÅ© trá»¥ Ä‘Ã£ mang elm bÃ© thá»© 2 Ä‘áº¿n vá»›i gia Ä‘Ã¬nh mÃ¬nh ğŸ¥¹ğŸ¥°,2025-03-23 01:53:09,2025-04-08 20:34:07,11.3M,443.7K,3773,4632,18.4K,,,,,7484817128814578951,https://www.tiktok.com/@thanhtuyendaily/video/7484817128814578951
uyph1008,Sáº¿p HoÃ ng cá»§a em lÃ  nháº¥t,2025-03-28 09:17:25,2025-04-08 20:34:15,2.9M,234.8K,2979,87.7K,9302,,,,,7486787042098171143,https://www.tiktok.com/@uyph1008/video/7486787042098171143
dramaquanhta0,Nghi váº¥n cá»±c cao Äáº·ng Linh Anh - Con cá»§a Viruss,2025-03-23 08:59:00,2025-04-08 20:34:22,7.5M,422.2K,6482,56.8K,18.6K,"capcut, lieucophaisuthat, drama, viruss, ngockem, fypage, hot, danglinhanh, viraltiktok, tiktokviral",7467991537822075649,nháº¡c ná»n - MinAh,2303 videos,7484926866965482770,https://www.tiktok.com/@dramaquanhta0/video/7484926866965482770
tinathaothidaily,láº¡i um xÃ¹m ná»¯a máº¥y bÃ  Æ¡i,2025-01-25 14:08:23,2025-04-08 20:34:33,,682K,6461,60.1K,43.7K,"tinathaothi, tinathaothidaily",7463855309115656976,nháº¡c ná»n - tinathaothidaily,2 videos,7463854741647265042,https://www.tiktok.com/@tinathaothidaily/video/7463854741647265042
cherry.1709,":Äá»•i phim rá»“i,Ä‘á»«ng flop ná»¯a Ä‘Æ°á»£c khÃ´ng ğŸ˜”ğŸ˜”",2025-01-19 14:21:26,2025-04-08 20:34:48,,195.8K,382,1172,9313,"phanlamdau, lebela, huycuong, phimvietnam, xuhuong, viralvideo, fyp, trending, phimhay, abcxyz",7461631625245690625,nháº¡c ná»n - ğŸ’Cherry ğŸ’,26 videos,7461631591488441607,https://www.tiktok.com/@cherry.1709/video/7461631591488441607
huylongtrn79,,2025-01-10 02:21:56,2025-04-08 20:35:00,6.8M,438.7K,3841,59.5K,31.8K,"npc_02, duyenkiep, fyp, xh",7458106447252638481,nháº¡c ná»n - ğ™£ğ™¥ğ™˜.,14 videos,7458106411327704328,https://www.tiktok.com/@huylongtrn79/video/7458106411327704328
ancungbatuyet86,ÄÃ¢y lÃ  tá»‰nh nÃ o nhá»‰ ???,2025-03-31 04:21:03,2025-04-08 20:35:10,1.4M,52.4K,9658,1092,2293,"ancungbatuyet, batuyettangvang, tamcaybatuyet, doanvatbatuyet, changabatuyet",7487823928162339590,nháº¡c ná»n - Ä‚n CÃ¹ng BÃ  Tuyáº¿t,1 videos,7487823923682348343,https://www.tiktok.com/@ancungbatuyet86/video/7487823923682348343
_lyra_6,Cá»© bá»‹ lá»¥y cáº£nh nÃ y Ã¡ bÃ¢y Æ¡iii,2025-01-30 12:51:14,2025-04-08 20:35:25,3.3M,176.6K,1009,5236,13.8K,"mydemon, kangyoo, _lyra_6, yeaing_team, fyp, xh",7465690334474570513,nháº¡c ná»n - ğ‘»ğ’‚ğ’ğ’ˆ ğ‘»ğ’“ğ’Š à­¨à§,135 videos,7465690284693720340,https://www.tiktok.com/@_lyra_6/video/7465690284693720340
auaudouyin,Phim Ordinary Hero - Anh hÃ¹ng Ä‘á»i thÆ°á»ng,2025-02-21 04:36:04,2025-04-08 20:35:36,8.7M,613.3K,7015,24.4K,62.3K,"reviewphim, auaudouyin",7473726627789294337,nháº¡c ná»n - Ã‚u Ã‚u - Review phim douyin,6 videos,7473726557282995463,https://www.tiktok.com/@auaudouyin/video/7473726557282995463
anbecks,2 vÃ¬ tinh tÃº,2025-03-28 11:15:01,2025-04-08 20:35:47,21.1M,1.3M,23.2K,1.1M,79.7K,"anbecks, hoathinh, animation",,,,7486817346951105797,https://www.tiktok.com/@anbecks/video/7486817346951105797
06082013krj,Khi Tá»•ng tÃ i gáº·p ThÆ°á»£ng Ä‘áº¿ âš¡ï¸,2025-03-17 09:36:43,2025-04-08 20:35:54,3.4M,150.8K,1677,11.9K,11.9K,"hoaithu, xuhuong, caphe, troll",7482710180145220368,nháº¡c ná»n - HoÃ i ThuğŸ€,5 videos,7482710078177447186,https://www.tiktok.com/@06082013krj/video/7482710078177447186
amorevlog,Dumpling machine success,2025-01-29 14:08:46,2025-04-08 20:36:05,14.5M,148.2K,993,3408,4303,"dumplingmachine, dumplingidea, cookingideas, recipeideas, dumplingsauce, dumplingmaker, dumplingrecipe, fupp",7465339233840597776,original sound - dumpling,1 videos,7465339181074615560,https://www.tiktok.com/@amorevlog/video/7465339181074615560
lamvlog.tv9,,2025-03-17 22:09:05,2025-04-08 20:36:15,2.4M,72K,831,2563,6865,"haihuoc, haihuocvuinhon",7482903975797459735,nháº¡c ná»n - LÃ¢m Vlog,8 videos,7482903961054514434,https://www.tiktok.com/@lamvlog.tv9/video/7482903961054514434
vietphuongthoa98,Unbox thiá»‡p cÆ°á»›i cá»§a,2025-03-14 04:04:15,2025-04-08 20:36:26,18.2M,1.1M,3005,15.2K,37.5K,,7481511791982332689,nháº¡c ná»n - Viá»‡t PhÆ°Æ¡ng Thoa,3 videos,7481511145061354760,https://www.tiktok.com/@vietphuongthoa98/video/7481511145061354760
ptvn.2007,nhá» em hÃ ng xÃ³m coi anh,2025-02-14 10:32:55,2025-04-08 20:36:37,16.2M,700.3K,15.7K,427.9K,41.2K,"quanghungmasterd, xh",7377752304801336081,nháº¡c ná»n - Gá»i tá»› lÃ  GÃ  ğŸ¥,57.1K videos,7471220920577690898,https://www.tiktok.com/@ptvn.2007/video/7471220920577690898
plxhvn,Sá»± tháº­t cháº¥n Ä‘á»™ng vá» ngÆ°á»i máº¹ Quáº£ng Nam ğŸ˜¥,2025-04-06 04:46:57,2025-04-08 20:36:47,9.9M,260.3K,9793,36.1K,13.1K,"tintuc, tinnong, quangnam, phapluat, tinnhanh, suthat, phapluat, plxhvn, tintuc",7490057124388539141,nháº¡c ná»n - PhÃ¡p Luáº­t XÃ£ Há»™i,81 videos,7490057106406608183,https://www.tiktok.com/@plxhvn/video/7490057106406608183
cn_news.vn,BÃ³c máº½ nhá»¯ng káº» Äƒn xin trÃ¡ hÃ¬nh . Lá»£i dÃ¹ng lÃ²ng thÆ°Æ¡ng cá»§a ngÆ°á»i tá»‘t Ä‘á»ƒ xin tiá»n (P2),2025-02-01 09:46:08,2025-04-08 20:36:59,,256.3K,9597,23K,16.3K,,7466384955540097793,nháº¡c ná»n - SOS Fire Vietnam,5 videos,7466384754070310160,https://www.tiktok.com/@cn_news.vn/video/7466384754070310160
_pghihi,"KÄ© niá»‡m váº«n cÃ²n ngÆ°á»i Ä‘Ã£ Ä‘i. Con vá»›i ba khÃ´ng sá»‘ng cÃ¹ng má»™t tháº¿ giá»›i ná»¯a, ba á»Ÿ tháº¿ giá»›i bÃªn kia hÃ£y dÃµi theo con, chá»‹ vÃ  máº¹ tá»«ng ngÃ y ba nhÃ©, con á»Ÿ bÃªn nÃ£y váº«n luÃ´n nhá»› vá» ba, nhá»› ráº±ng ba thÆ°Æ¡ng máº¹ con con ráº¥t nhiá»uğŸ–¤",2025-01-21 14:54:19,2025-04-08 20:37:09,17.4M,1.5M,14.7K,15.9K,50.5K,,,,,7462382236621475089,https://www.tiktok.com/@_pghihi/video/7462382236621475089
linhbee47,Combo há»§y diá»‡t cáº§u lÃ´ng,2025-04-07 07:04:28,2025-04-08 20:37:18,6.6M,301.5K,9188,144.6K,13.5K,cáº§ulÃ´ngğŸ¸,6849701537971784450,nháº¡c ná»n - Chá»• nÃ y Chill pháº¿tÂ©ï¸,145.7K videos,7490463630815759671,https://www.tiktok.com/@linhbee47/video/7490463630815759671
theanh28entertainment,THÆ¯Æ NG EM,2025-04-06 15:02:03,2025-04-08 20:37:28,,555K,5432,15.8K,17.8K,"theanh28, tiktoknews, theanh28news",7490215652490332983,nháº¡c ná»n - Theanh28 Entertainment,20 videos,7490215617459408183,https://www.tiktok.com/@theanh28entertainment/video/7490215617459408183
trannhattan4,Anh lÃ  cÃ´ng tá»­ Äá»“ng Nai,2025-04-07 05:11:47,2025-04-08 20:37:39,3.5M,130.7K,879,1384,6283,"trending, fyp",7488155341517654839,Nháº¡c vui,15.3K videos,7490434593414237495,https://www.tiktok.com/@trannhattan4/video/7490434593414237495
,,2025-01-23 02:42:28,2025-04-08 20:37:50,,262.7K,,,,,,,,7462935810678082824,
10a13nhser,,2025-01-23 02:42:28,2025-04-08 20:38:18,11.9M,588.4K,5183,65.8K,41.2K,nhser,7462935871499537169,nháº¡c ná»n - 10A13 KhÃ´ng Sá»£ Ba La,208 videos,7462935810678082824,https://www.tiktok.com/@10a13nhser/video/7462935810678082824
tiuthoo,E xin giá»›i thiá»‡u Cameo siu Ä‘áº·c biá»‡t cá»§a táº­p nÃ y,2025-03-27 03:55:24,2025-04-08 20:38:29,9.3M,428.1K,6679,26K,29K,"tiuthoo, xuhuong, mechongnangdau, honnhan, mebau",7353486949916691217,bunyi asal - @TG~DJREDBULL__ğŸ§ğŸ¤,2562 videos,7486332970278685970,https://www.tiktok.com/@tiuthoo/video/7486332970278685970
sisocutica21,: XEM Tá»šI CUá»I NHA,2025-03-27 03:01:46,2025-04-08 20:38:46,4.6M,283.2K,2752,42.8K,7407,"sisoocutica21, supperteam_kyn, drama, foryou, fyp, ngansatthu, phao, ngockem, viruss, khuyenduong",7390981175960947473,nháº¡c ná»n - ThÃ­ch ğ§ğ¡áº¡c ThÃ­ch cáº£ ğ„ğ¦ğŸŒ¹,10.9K videos,7486319150864895240,https://www.tiktok.com/@sisocutica21/video/7486319150864895240
tuankiet.2000,CÃ³ thá»ƒ nÃ³i lÃ  cÆ°á»i Ä‘uá»µch,2025-03-31 10:38:34,2025-04-08 20:38:57,10.4M,495.3K,5944,69.8K,27.8K,,7487921216273304326,nháº¡c ná»n - Kiá»‡t HÃ  Tá»‹nh,455 videos,7487921206524398854,https://www.tiktok.com/@tuankiet.2000/video/7487921206524398854
phuonginhanam95,Hoa háº­u Ä‘ang sÄ© thÃ¬ ğŸ¤£ğŸ¤£ğŸ¤£,2025-01-24 10:10:02,2025-04-08 20:39:07,12.5M,369.9K,15.8K,57.2K,24.8K,"phuonginhanam, giadinhphuongin",7463422262625012496,nháº¡c ná»n - PHÆ¯Æ NG á»ˆN HÃ€ NAM â¤ï¸,1438 videos,7463422234766363922,https://www.tiktok.com/@phuonginhanam95/video/7463422234766363922
_tungduong,Tiá»ƒu pháº©m ngáº¯n cá»§a hai chÃº chÃ¡u,2025-01-09 09:39:42,2025-04-08 20:39:18,,464.9K,1463,18.8K,9166,,7457848243645418256,nháº¡c ná»n - Nguyá»…n TÃ¹ng DÆ°Æ¡ng,3 videos,7457848137273658631,https://www.tiktok.com/@_tungduong/video/7457848137273658631
eyrc14,NgÅ© LÃ´i Tháº§n ChÃº,2025-02-17 15:36:34,2025-04-08 20:39:29,3.3M,135.3K,1956,8864,18.7K,"é“æ•™, é“æ•™æ–‡åŒ–, é“å®¶æ–‡åŒ–, ç„å­¦, ä½›æ•™",7472412459886840577,åŸå£° - Báº¡ch VÃ¢n cÆ° sÄ©,11 videos,7472412425044675847,https://www.tiktok.com/@eyrc14/video/7472412425044675847
chu.gioi9x,,2025-03-14 00:07:29,2025-04-08 20:39:40,1.3M,17.3K,796,12.4K,711,"danang, chÃ¡yğŸ”¥ğŸ”¥ğŸ”¥ğŸ”¥, xuhuongtiktok",7481450158379600641,nháº¡c ná»n - ChÃº Giá»›i ğŸœ,4 videos,7481450132609731848,https://www.tiktok.com/@chu.gioi9x/video/7481450132609731848
ken_rikit,Xong,2025-02-27 07:59:59,2025-04-08 20:40:01,6.9M,103.6K,2925,31.8K,12.9K,,7476005701878369041,nháº¡c ná»n - ğ»ğ‘’ğ“ğ“ğ‘œÏ‰,14 videos,7476005617677634832,https://www.tiktok.com/@ken_rikit/video/7476005617677634832
hum.c.tin,GÃ¬ váº­y ..,2025-02-20 12:25:34,2025-04-08 20:40:12,5.5M,430.1K,6247,179.3K,15.2K,"xh, fyp",7473476490676538113,nháº¡c ná»n - DÆ°Æ¡ng Báº£o !,5 videos,7473476459089136914,https://www.tiktok.com/@hum.c.tin/video/7473476459089136914
ibcuathuan,ChÃºc má»«ng sinh nháº­t há»c trÃ²,2025-03-28 06:02:53,2025-04-08 20:40:23,3.8M,127.6K,2042,10.2K,8787,"thuanbarber, thuanbarbershop, funnyvideo, barberbinhduong",7328922313417411333,My Heart Will Go On,151.5K videos,7486736907813063943,https://www.tiktok.com/@ibcuathuan/video/7486736907813063943
vietthoang2k13,T cÆ°á»i sáº¯p cháº¿t r bay Æ¡i,2025-03-13 14:00:44,2025-04-08 20:40:34,8M,327.6K,5046,109.9K,24.9K,,7481294110284925712,nháº¡c ná»n - hoangdeflop,19 videos,7481293771171319058,https://www.tiktok.com/@vietthoang2k13/video/7481293771171319058
