user_name,user_followers,vid_id,vid_caption,vid_postTime,vid_scrapeTime,vid_duration,vid_nview,vid_nlike,vid_ncomment,vid_nshare,vid_nsave,vid_hashtags,vid_url,music_id,music_title,music_nused,music_authorName,music_originality
thecarest456,63.3K,7502832980969229575,Mia LÃª bá»‹ Ä‘uá»•i khá»i Ä‘Ãªm chung káº¿t Hoa háº­u Chuyá»ƒn giá»›i Viá»‡t Nam 2025,2025-05-10 15:03:52,2025-05-21 10:08:09,00:26,21.2M,499.8K,8883,158.3K,17.5K,"miqvn2025, miale, hoahauchuyengioivietnam2025",https://www.tiktok.com/@thecarest456/video/7502832980969229575,7502833006214794001,original sound - TheCarest,19 videos,TheCarest,true
anh.be.vui3,416.2K,7502432620886625556,Tá»‘p ping láº©u tÆ°Æ¡i ğŸ² quÃ¡ nÃªn má»›i pháº£i lÃ m v=)))) ğŸ˜,2025-05-09 13:10:16,2025-05-21 10:08:24,00:15,18M,551.6K,2840,39.8K,15.1K,"albertgetts, xuhuong, xyzabc",https://www.tiktok.com/@anh.be.vui3/video/7502432620886625556,7501607470688930577,VÃ¬ ai em vá»™i quÃªn Äƒn sÃ¡ngxtÃ¬nh ta hai ngÃ£,105.6K videos,ğ™ğ™ğ™© ğ™ˆğ™ªğ™¨ğ™ğ™˜,false
tnxhhn_tinnonghangngay,117.8K,7502989610000092432,KhÃ´ng sao khÃ´ng sao CÃ³ em rá»“i.,2025-05-11 01:11:40,2025-05-21 10:08:40,00:16,,345.5K,14.9K,63.2K,17.5K,"tintuc, tinnongtrongngay, giadinhthanthuong, yeuthuong, vochong, xuhuongtiktok",https://www.tiktok.com/@tnxhhn_tinnonghangngay/video/7502989610000092432,7445193307317095185,nháº¡c ná»n - TrÃ­ Nháº­t Piano,71.2K videos,TrÃ­ Nháº­t Piano,false
chunxiao2023,270.3K,7502823419684211986,ğŸ§,2025-05-10 14:26:46,2025-05-21 10:08:56,00:07,12.1M,197.5K,2159,6320,7439,"chunxiao, chunxiao2023, xuhuongtikok, chunxiao2024",https://www.tiktok.com/@chunxiao2023/video/7502823419684211986,7396158380731157265,nháº¡c ná»n - kenhnhacsuy1,34.3K videos,kenhnhacsuy1,false
trhuyanhh,129.6K,7479358915818327303,trao cho V Ä‘Ã¢u phÃ£i cho ai,2025-03-08 08:52:30,2025-05-21 10:09:10,00:20,2.7M,162.6K,2001,64.9K,8409,fyp,https://www.tiktok.com/@trhuyanhh/video/7479358915818327303,7475810022342478593,ÄÃ¢u Pháº£i Cho Anh TIPO Remix,2725 videos,producer.tipo.vn,false
phim.bt.n,96K,7504649001954807048,,2025-05-15 12:30:57,2025-05-21 10:09:25,03:06,6.4M,117.7K,662,3221,6957,"1, longervideos, longervideo, mereviewphim, phimngontinh, phimtrungquoc, daophimtrung, review, fyp, foryou",https://www.tiktok.com/@phim.bt.n/video/7504649001954807048,7504649178786679569,nháº¡c ná»n - á» Ä‘Ã¢y cÃ³ phim hay,3 videos,á» Ä‘Ã¢y cÃ³ phim hay,true
djjerphremixfficial,53.5K,7486824174200179976,DJ DOLA X AM I WRONG X CIS CIS CIS NEW VIRAL 2025 FULL ANALOG BASS BOOSTED DJ JER PH REMIX,2025-03-28 11:41:31,2025-05-21 10:09:40,06:25,2.4M,69.5K,539,2778,8084,"djfullbass, djremix, titokviral, bass, bassdj, baasmusic, remix, bassdj, bassmusic, tiktok, djviral",https://www.tiktok.com/@djjerphremixfficial/video/7486824174200179976,7486824662299642640,original sound - DJ JER PH REMIX,1646 videos,DJ JER PH REMIX,true
user3080522007661,7129,7486441657349541138,,2025-03-27 10:57:09,2025-05-21 10:09:58,02:07,1.7M,36K,139,421,1948,giaitri,https://www.tiktok.com/@user3080522007661/video/7486441657349541138,7486441689331747601,nháº¡c ná»n - bacussi,2 videos,bacussi,true
maitrangreal,415.3K,7480143360422939922,ká»ƒ ra cÅ©ng vui,2025-03-10 11:36:33,2025-05-21 10:10:13,00:28,,371.9K,3893,42.9K,16K,"xuhuong, viral, fyp, maitrang",https://www.tiktok.com/@maitrangreal/video/7480143360422939922,7439295283975702544,luther,1.4M videos,Kendrick Lamar|SZA,false
shopmytao,388.7K,7488562578726128951,TrÃ² chÆ¡i chá»t bong bÃ³ng nhÃ¢n pháº©m vui nhá»™n háº¥p dáº«n,2025-04-02 04:07:25,2025-05-21 10:10:28,03:21,18.4M,209.6K,1365,3914,9650,taomymytao,https://www.tiktok.com/@shopmytao/video/7488562578726128951,7280711311409957633,nháº¡c ná»n - ğ“ ğ¡ ğ® áº­ ğ§ ğ‘ ğ ğ¦ ğ¢ ğ±ğŸ¶,37.9K videos,Mukbang Remix ğŸ§,false
gauw.w,8839,7492011971190017288,Náº¿u cÃ³ giáº£i Best ná»¥ cÆ°á»i giáº£ nai thÃ¬ t sáº½ Ä‘á» cá»­,2025-04-11 11:12:49,2025-05-21 10:10:42,02:16,2.4M,114.3K,794,4418,10.1K,"leejehoon, taxidriver",https://www.tiktok.com/@gauw.w/video/7492011971190017288,7412938986777266949,åŸè² - èœé›é¤Šé­š,3600 videos,èœé›é¤Šé­š,false
_ngbian_dthw_,1344,7501262895351745812,Bá»“ cÃ´ng anh chá»‰ bay khi cÃ³ giÃ³ ...,2025-05-06 09:31:08,2025-05-21 10:10:58,00:06,708.5K,69.2K,933,9984,5825,"xh, buontamtrang",https://www.tiktok.com/@_ngbian_dthw_/video/7501262895351745812,7281996870846827269,à¹€à¸ªà¸µà¸¢à¸‡à¸•à¹‰à¸™à¸‰à¸šà¸±à¸š - kittiwat gtk,56.7K videos,kittiwat gtk,false
aiiudua,447.4K,7477908454695374087,Nay cÃ³ ai tháº¥y tui ko ğŸ˜,2025-03-04 11:03:58,2025-05-21 10:11:13,00:15,,68.5K,1816,2672,3342,,https://www.tiktok.com/@aiiudua/video/7477908454695374087,7437132887093463825,nháº¡c ná»n - âšœï¸Sang LÃª âšœï¸ PhÃ¹ Thuá»· Makeup,903 videos,âšœï¸Sang LÃª âšœï¸ PhÃ¹ Thuá»· Makeup,false
ngdiepanh7,1542,7499476203913448712,Ã  hÃ¡,2025-05-01 13:57:51,2025-05-21 10:11:27,00:14,2.1M,98.6K,1408,53.7K,5211,"bien, xuhuongtiktok, trending, abcxyz, fyp, viral, asmr, xhhhh, love3000",https://www.tiktok.com/@ngdiepanh7/video/7499476203913448712,7464083298172537617,nháº¡c ná»n - ğ—¶ğ˜‚ê«‚Â á´á‚…á´,12.9K videos,ğ—¶ğ˜‚ê«‚Â á´á‚…á´,false
datdo0803,10.4M,7487555282256563462,Máº¥y ngÃ y nay xem máº¡ng xÃ£ há»™i nhiá»u kiá»ƒu,2025-03-30 10:58:35,2025-05-21 10:11:40,01:14,6.8M,464.6K,6553,38.5K,19.6K,dotiendat,https://www.tiktok.com/@datdo0803/video/7487555282256563462,7487555308055759621,nháº¡c ná»n - Äá»— Äáº¡t,6 videos,Äá»— Äáº¡t,true
louispham_203,1.3M,7486106774815264007,happy birthday dadğŸ‘« i love you more ğŸ’—ğŸ’—,2025-03-26 13:17:38,2025-05-21 10:11:56,00:28,5.2M,509.3K,11K,3038,12.1K,louispham203,https://www.tiktok.com/@louispham_203/video/7486106774815264007,7359907625477131025,nháº¡c ná»n - VáºªN LÃ€ EM NHÆ¯NG NGON HÆ N,1431 videos,VáºªN LÃ€ EM NHÆ¯NG NGON HÆ N,false
nohope.97,239.9K,7494135470687882503,"Ta biáº¿t nhau tá»« lÃ¢u rá»“i, ta hiá»ƒu tá»«ng thÃ³i quen cá»§a nhau..",2025-04-17 04:33:05,2025-05-21 10:12:14,00:15,2.1M,111.6K,698,4473,10.6K,"xuhuong, music, nhachaymoingay, nhachay, conefide_one, fypã‚·, 1997ğŸš¬",https://www.tiktok.com/@nohope.97/video/7494135470687882503,7480402807284189953,nháº¡c ná»n - CÃ´ bÃ© láº¡nh lÃ¹ng ğŸ¥¹ğŸ¥²,88.8K videos,CÃ´ bÃ© láº¡nh lÃ¹ng ğŸ¥¹ğŸ¥²,false
tttk888.vn,306.1K,7478343506247814408,tinh táº¿ dá»¯ chÆ°a tÃ´n bÄƒng phÃ¡p,2025-03-05 15:12:12,2025-05-21 10:12:29,00:23,10.4M,398.6K,2616,8090,18.5K,tiktokgiaitri,https://www.tiktok.com/@tttk888.vn/video/7478343506247814408,7335685070639794946,nháº¡c ná»n - ğ€ğ†ğ‚ ğ ğ ğŠ ğ€ ğ á°”á©š,2345 videos,anhjay689,false
hoaa.hanassii,17.7M,7489429193084702007,"Con cÃ´ng thÃ¬ pháº£i ra con cÃ´ng, con phÆ°á»£ng thÃ¬ pháº£i ra con phÆ°á»£ng. MÃ¬nh lÃ  con há»• :))",2025-04-04 12:10:19,2025-05-21 10:12:44,00:30,2.1M,188K,2810,2870,6626,,https://www.tiktok.com/@hoaa.hanassii/video/7489429193084702007,7489429193838512951,nháº¡c ná»n - ÄÃ o LÃª PhÆ°Æ¡ng Hoa,207 videos,ÄÃ o LÃª PhÆ°Æ¡ng Hoa,true
hoangvinhhh,11.5M,7475675792593276168,TÃ¡i Sinh = TÃ­nh Sai (báº£n full Ä‘áº§y Ä‘á»§) / ÄÃ¡p Ã¡n á»Ÿ cuá»‘i video ğŸ¤£,2025-02-26 10:40:06,2025-05-21 10:12:59,00:48,,118.2K,3996,11K,13.7K,VinhMC,https://www.tiktok.com/@hoangvinhhh/video/7475675792593276168,7474105842448337681,TÃ¡i sinh tÃ­nh sai,21.1K videos,DUY KHIÃŠM NGá»,false
dinvitg02,588.2K,7495724767509597447,"""Äi ta Ä‘i giáº£i phÃ³ng Miá»n Nam,phÃ¡ háº¿t bÃ³t Ä‘á»“n quÃ©t sáº¡ch bÃ³ng quÃ¢n xÃ¢m lÆ°á»£c...""",2025-04-21 11:20:22,2025-05-21 10:13:17,01:44,4M,280.9K,4529,5240,8782,"hochiminh, vietnam, ğŸ‡»ğŸ‡³, dinhviettuong, singing, bacdangcungchungchauhanhquan",https://www.tiktok.com/@dinvitg02/video/7495724767509597447,7495724850921753345,nháº¡c ná»n - Viáº¿t TÆ°á»ng,21 videos,Viáº¿t TÆ°á»ng,true
_quan_1108,637.2K,7497181469245246738,KÃªnh bÃªn ig: _quan_1108,2025-04-25 09:33:07,2025-05-21 10:13:31,00:08,,127.1K,589,10.6K,7772,"_quan_1108ğŸ§¸, fyp, tamtrang, ddnxuhuong",https://www.tiktok.com/@_quan_1108/video/7497181469245246738,7380832571841710849,halecutii,4877 videos,haribo~,false
congoc9899,68.8K,7501612219923238152,Æ¯á»›c mÆ¡ nhá» bÃ© cá»§a má»™t ngÆ°á»i con gÃ¡i,2025-05-07 08:06:41,2025-05-21 10:13:45,00:07,3.2M,68.4K,543,5665,3761,,https://www.tiktok.com/@congoc9899/video/7501612219923238152,7491177135428602625,nháº¡c cá»§a minh Ã©n,52.6K videos,minh Ã¡nh.,false
rdfgfosojaj,8593,7502304534698396974,,2025-05-09 04:53:13,2025-05-21 10:13:59,01:04,5.8M,126K,1330,3822,3532,,https://www.tiktok.com/@rdfgfosojaj/video/7502304534698396974,7502304695210232622,nháº¡c ná»n - Vua phÃ¡ Ã¡n,5 videos,Vua phÃ¡ Ã¡n,true
,,7498900735443209490,,2025-04-30 00:44:44,2025-05-21 10:14:15,,,1313,,,,,,,,,,
trangxinhremix,154.3K,7498900735443209490,Äáº¯ng Cay Tuá»•i ÄÃ´i MÆ°Æ¡i Remix - Huá»³nh Ãi Vy Cháº³ng HÆ¡n KÃ©m Ná»¯a ÄÃ¢u Em LÃ  NgÆ°á»i Sau Remix,2025-04-30 00:44:44,2025-05-21 10:15:07,05:50,2.5M,143.9K,583,3176,14.4K,"nhacremmix, tiktok, nhachaymoingay",https://www.tiktok.com/@trangxinhremix/video/7498900735443209490,7498900817445931792,nháº¡c ná»n - Trang Xinh Music,9115 videos,Trang Xinh Music,true
mthuy_depgaii01,18.5K,7501292335762984200,pháº­n con gÃ¡i!!,2025-05-06 11:25:22,2025-05-21 10:15:22,03:29,2.2M,132.5K,337,2564,5596,"phimvietnam, videoviral, luongthethanh, vrial, aimynhan, editor, foryou, fypage, fypã‚·ã‚š, xuhuongtiktok, thuydiem, luongthethanh, xh, xuhuong, xhuongtiktok",https://www.tiktok.com/@mthuy_depgaii01/video/7501292335762984200,7501292383267490561,nháº¡c ná»n - Ng Minh ThÃ¹y ğŸ‘¾,2 videos,Ng Minh ThÃ¹y ğŸ‘¾,true
liuliudethuonggg,55.7K,7486898955700178182,Tráº­n nÃ y nÃªn xá»­ sao cÃ¡c bÃ¡c,2025-03-28 16:31:42,2025-05-21 10:15:37,01:06,12.1M,606K,3645,41.6K,23K,"liuliu, liuliudethuong, embetrungquoc",https://www.tiktok.com/@liuliudethuonggg/video/7486898955700178182,7486898960070724357,nháº¡c ná»n - liuliudethuonggg,2 videos,liuliudethuonggg,true
supi_1821,156.8K,7485353605201988872,vÃ  anh tháº§m Æ°á»›c..!,2025-03-24 12:34:57,2025-05-21 10:15:52,00:18,,63.7K,246,1261,5896,"supi_1821, 16th8ğŸ¥€, _ngthphong, shidoucodonğŸ¥€, tngâš˜_51210, hunlktyn, nhachay, nhacchill, tamtrang, thinhhanh, music",https://www.tiktok.com/@supi_1821/video/7485353605201988872,7485353635426765585,nháº¡c ná»n - ğ’ğ®ğ©ğ¢á¥«á­¡,166 videos,ğ’ğ®ğ©ğ¢á¥«á­¡,true
ntthanhtu1983,48.7K,7492306552397794567,LÃºc quay láº¡i tháº¥y lÃ  má»«ng láº¯m nhÃ¬n máº·t áº»m kÃ¬a vá»«a vui vá»«a há»n,2025-04-12 06:15:57,2025-05-21 10:16:06,00:23,21.7M,678.4K,8364,22K,18.8K,,https://www.tiktok.com/@ntthanhtu1983/video/7492306552397794567,7339886071554213889,TaÌ‚m TiÌ€nh NguÌ›oÌ›Ì€i LiÌnh,31.7K videos,Nguyá»…n ThÃ¡i Há»c,false
embemun327,278.3K,7498339031550364946,,2025-04-28 12:25:03,2025-05-21 10:16:20,00:57,,111.6K,2251,9367,4153,,https://www.tiktok.com/@embemun327/video/7498339031550364946,7498339060130286337,nháº¡c ná»n - Háº¿t flop thÃ¬ Ä‘á»•i tÃªn,2 videos,bÃºn Ä‘áº­u máº¯m tummmmmmmmğŸ« ,true
lakawystories,194,7494462898496998674,-1 mÃ¡y lÃªu lá»•ng ğŸ¥¹,2025-04-18 01:43:40,2025-05-21 10:16:36,00:07,573.4K,14K,117,2860,1070,"xuhuong, viral, fpyã‚·, lakawy",https://www.tiktok.com/@lakawystories/video/7494462898496998674,7472405592519936785,nháº¡c ná»n - RinoXeko,71 videos,RinoXeko,false
dnkhaii,868.4K,7474617263941782792,Cha cÃ  la cÃ â€¦ğŸ’ªğŸ» Ão Ä‘á»“ng phá»¥c:,2025-02-23 14:12:28,2025-05-21 10:16:51,00:17,4.4M,338.7K,4010,12.3K,23K,potatoclothing,https://www.tiktok.com/@dnkhaii/video/7474617263941782792,7466775077376346896,nháº¡c ná»n - cÃ´ bÃ© hay buá»“ğŸ«ğŸ«,89.6K videos,NhÆ° Ã½ ğŸğŸ…â¤ï¸â€ğŸ”¥,false
hm.thao,3048,7497929234493623560,LÃ²ng tá»‘t Ä‘áº·t sai vtri :)),2025-04-27 09:54:49,2025-05-21 10:17:06,00:05,3.3M,135.4K,941,31.6K,3172,"xh, fyp",https://www.tiktok.com/@hm.thao/video/7497929234493623560,6753941543469484801,Báº£n TÃ¬nh Ca KhÃ´ng HoÃ n Thiá»‡n (í–‰ë³µì„ ì°¾ì•„ì„œ),43.1K videos,TrÆ°Æ¡ng Báº£o Ngá»c,false
nguyentphu,352.6K,7502307911629147400,,2025-05-09 05:06:19,2025-05-21 10:17:25,00:11,4.7M,373.7K,3650,429.4K,18.9K,nguyentphu,https://www.tiktok.com/@nguyentphu/video/7502307911629147400,7354259524011805441,Mixset bá»“ng bá»nh vol 5,28.6K videos,VN New Track,false
thich_matchalatte,1240,7499461570569768200,,2025-05-01 13:01:04,2025-05-21 10:17:41,00:19,2.7M,147.1K,3316,17.9K,8868,"h, bien, vh",https://www.tiktok.com/@thich_matchalatte/video/7499461570569768200,7464083298172537617,nháº¡c ná»n - ğ—¶ğ˜‚ê«‚Â á´á‚…á´,12.9K videos,ğ—¶ğ˜‚ê«‚Â á´á‚…á´,false
chunxiao2023,270.3K,7502385564163886344,Ä‘áº¡i gia thÆ°á»£ng Háº£i Trung Quá»‘c,2025-05-09 10:07:39,2025-05-21 10:17:56,00:11,,41.3K,309,315,1418,"cute, chunxiao, hellovietnam, chunxiao2024, chunxiao2023, xuhuongtikok",https://www.tiktok.com/@chunxiao2023/video/7502385564163886344,7457485243872791312,nháº¡c ná»n - âšœï¸Thanh*Phongâšœï¸,15K videos,âšœï¸Thanh*Phongâšœï¸,false
thucphamvui,6248,7500855882503261457,ğŸš« Cáº­n cáº£nh lÃ²ng giáº£ Ä‘ang Ä‘Æ°á»£c sáº£n xuáº¥t bÃªn nhÃ  Ã´ng báº¡n hÃ ng xÃ³m!,2025-05-05 07:11:43,2025-05-21 10:18:12,00:13,1.8M,35.9K,4039,12.9K,2805,"longsedieu, longgia, thoisu, antoanthucpham, thucphamvui",https://www.tiktok.com/@thucphamvui/video/7500855882503261457,7286799459898788610,nháº¡c ná»n - ï¼´ï¼·ï¼¥ï¼®,10.3K videos,TWEN MUSIC,false
leon_yew_banhbao,46.3K,7497267323078839570,ÄÃ£ sá»Ÿ há»¯u chiá»u cao khá»§ng tá»« nhá» ğŸŒ»,2025-04-25 15:06:16,2025-05-21 10:18:37,00:14,2M,169.9K,2885,3477,10.7K,"leonor_grpğŸŒ·, nora_soumeiâœ¨ğŸ’, _soumei_ğŸ’, leosofamily_grpğŸ‡ªğŸ‡¸, princessleonor, leoso, leonordeborbon, princessleonorofspain, princessroyal, spainroyalfamily, royalfamily, royal, leonor, sofiadeborbon, princess, leonorysofia, group_edit_leosoğŸ’, theroyalfamily_fangroup, witch_worldâœ¨, ğŸ’leonorsofiağŸ’, opl_grp, bÃ¡nhbaoleonor, doubt_team, lost_swanğŸ¦¢",https://www.tiktok.com/@leon_yew_banhbao/video/7497267323078839570,7497267345766337297,nháº¡c ná»n - ÊŸá´‡á´É´ á´…á´‡ Ê™á´Ê€Ê™Ã³É´ğŸ¥Ÿ,19 videos,ÊŸá´‡á´É´ á´…á´‡ Ê™á´Ê€Ê™Ã³É´ğŸ¥Ÿ,true
_naniesayhi_,83.5K,7496764284890795271,"""HÃ²a bÃ¬nh khÃ´ng tá»± Ä‘áº¿n, hÃ²a bÃ¬nh lÃ  cÃ¡i giÃ¡ pháº£i Ä‘Ã¡nh Ä‘á»•i báº±ng cáº£ má»™t thá»i tuá»•i tráº» cá»§a cha Ã´ng chÃºng ta.""",2025-04-24 06:34:13,2025-05-21 10:18:54,00:22,,247K,1353,15.9K,19K,"hoabinh, vietnam, 30thang4, dieubinh, naniesayhi, xuhuong, xuhuongtiktok, viral",https://www.tiktok.com/@_naniesayhi_/video/7496764284890795271,7496764320832293633,nháº¡c ná»n - ğğšğ§ğ¢ğ,299 videos,ğğšğ§ğ¢ğ,true
phuocloc25_01,3.1M,7493759149759597842,KhÃ´ng thá»ƒ cáº£n Ä‘Æ°á»£cğŸ˜­,2025-04-16 04:12:46,2025-05-21 10:19:11,00:15,1.5M,85.4K,4291,1055,4230,"phuoclocgaming, xuhuong, binhan",https://www.tiktok.com/@phuocloc25_01/video/7493759149759597842,7487579661107612471,nháº¡c ná»n - XuÃ¢n Nam â™ª,25.1K videos,XuÃ¢n Nam â™ª,false
viva24h.news,1.2M,7493087970275134728,Tráº£ há»• vá» rá»«ng rá»“i,2025-04-14 08:48:15,2025-05-21 10:19:29,00:24,10.5M,436.2K,4588,84.5K,29.3K,"24hmedia, 24hnews, tiktoknews, onhaxemtin",https://www.tiktok.com/@viva24h.news/video/7493087970275134728,7385161226214770704,Chill Melody,6974 videos,,false
suyphimhay,108.3K,7487948865652542726,Sao tui váº«n thÃ­ch xem Ä‘oáº¡n nÃ y cá»§a Mai nháº¥t ğŸ˜­â¤ï¸,2025-03-31 12:25:54,2025-05-21 10:19:46,01:57,,393.4K,10.7K,27.3K,23.6K,"mai, phimmai, phuonganhdao, tuantran, filmtok, movietok, galaxyplay",https://www.tiktok.com/@suyphimhay/video/7487948865652542726,7335719071022385153,"Sau Lá»i Tá»« KhÆ°á»›c (Theme Song From ""MAI"")",13.1K videos,Phanâ€‚Manhâ€‚Quynh,false
t.k.l_12,3518,7488556591743110406,KhÃ´ng á»•n rá»“iâ€¦,2025-04-02 03:44:11,2025-05-21 10:20:06,00:14,1.6M,64.6K,731,32.7K,2637,"fby, daihoctrammam",https://www.tiktok.com/@t.k.l_12/video/7488556591743110406,7451593594115427088,nháº¡c ná»n - Pháº¡m Tá»‘ UyÃªn,2657 videos,Pháº¡m Tá»‘ UyÃªn,false
team.ruhybeauty,31.7K,7503022333859237127,Chá»‰ ngÆ°á»i trong ngÃ nh má»›i há»‰u ğŸ¥° nhÆ°ng cÃ³ tiá»n nÃ  em zui ğŸ¤¡ğŸ¤¡,2025-05-11 03:18:39,2025-05-21 10:20:20,00:15,3.2M,69.4K,475,3582,2362,"ruhybeauty, tiktok, daotaolamdep, trietchemchep, trietlong",https://www.tiktok.com/@team.ruhybeauty/video/7503022333859237127,7354259524011805441,Mixset bá»“ng bá»nh vol 5,28.6K videos,VN New Track,false
maituananh185,472.8K,7491264673526877447,Pháº§n 27 | Thá»i sinh viÃªn ai Ä‘Ã£ tá»«ngâ€¦,2025-04-09 10:52:55,2025-05-21 10:20:34,01:53,11.7M,380.2K,2547,39.1K,15.5K,"maituananh, t1gteam, hzmedia, vietcomedy",https://www.tiktok.com/@maituananh185/video/7491264673526877447,7491264806154930960,nháº¡c ná»n - Mai Tuáº¥n Anh,1 videos,Mai Tuáº¥n Anh,true
suri14994,529,7500033006883573010,,2025-05-03 01:58:32,2025-05-21 10:20:48,00:52,637.9K,12.2K,206,2108,1506,,https://www.tiktok.com/@suri14994/video/7500033006883573010,7500033051397802768,nháº¡c ná»n - ğŸ§à¾€à½² bÃ© bá»™tğŸ€,12 videos,ğŸ§à¾€à½² bÃ© bá»™tğŸ€,true
hocsukhongchan,82.9K,7494276819403787538,NSá»°T KIM CÃšC Äá»ŒC Láº I Báº¢N TIN Äáº¶C BIá»†T BUá»”I TRÆ¯A 30-4-1975,2025-04-17 13:41:35,2025-05-21 10:21:02,01:46,17.4M,1.8M,20.1K,101.8K,127.9K,"lichsuvietnam, 2150_team, bangne_",https://www.tiktok.com/@hocsukhongchan/video/7494276819403787538,7494276918246656785,nháº¡c ná»n - Há»c Sá»­ KhÃ´ng ChÃ¡n,167 videos,Há»c Sá»­ KhÃ´ng ChÃ¡n,true
ngthimai26,5572,7500255370867117330,ğŸ¥¹,2025-05-03 16:21:25,2025-05-21 10:21:16,00:12,639.5K,65.4K,530,5777,6356,"xuhuong, xuhuongtiktok, str, tm, buon, fyp, tamtrang, dt, dangstr, xh, xhtiktok",https://www.tiktok.com/@ngthimai26/video/7500255370867117330,7403013219196881665,nháº¡c ná»n - Quá»³nhh NhÆ°Æ°,22.3K videos,HaenğŸŒ»,false
toiyeuptit,13.3K,7483521063196822802,Äá»™ng lá»±c Ä‘áº­u PTIT lÃ  Ä‘Ã¢y chá»© Ä‘Ã¢uu =))),2025-03-19 14:03:45,2025-05-21 10:21:30,00:38,2.2M,160.7K,4303,75.1K,6737,,https://www.tiktok.com/@toiyeuptit/video/7483521063196822802,7477225841984047889,nháº¡c ná»n - DJ Duy Anh NÄ,238.4K videos,DJ Duy Anh NÄ,false
nam.nguyn.ngc281,35.7K,7491321980671642881,,2025-04-09 14:35:18,2025-05-21 10:21:45,01:03,,59.3K,3676,45.8K,5370,,https://www.tiktok.com/@nam.nguyn.ngc281/video/7491321980671642881,7382944317333179152,nháº¡c ná»n - Phi Thien Quan,5529 videos,Phi Thien Quan,false
minhhung2306,3.4M,7506012549243047185,cÃ³ ai cÃ²n nhá»› cÃ¢u máº¹ Æ¡iii khÃ´ng ??,2025-05-19 04:42:13,2025-05-21 10:21:59,00:22,2.7M,114.1K,476,1408,4090,"capcut, hoangminhhung",https://www.tiktok.com/@minhhung2306/video/7506012549243047185,7503204228711287569,nháº¡c ná»n - thuong_htmğŸ©°ğŸ€,14.6K videos,thuong_htmğŸ©°ğŸ€,false
maitrangreal,415.3K,7484969335992192264,ÃŠ thiá»‡t háº£ bÃ  ThÆ¡,2025-03-23 11:43:48,2025-05-21 10:22:16,00:10,,45.7K,1031,4899,2101,"xuhuong, viral, fyp, maitrang",https://www.tiktok.com/@maitrangreal/video/7484969335992192264,7474080233381972737,VÅ© Ä‘iá»‡u Äá»©c TÆ°á»›ng QuÃ¢n,102.9K videos,Äá»©c TÆ°á»›ng QuÃ¢n TV,false
vinhv2215,186.4K,7494537598510173458,Sá»± khÃ¡c biá»‡t cá»§a phá»¥ huynh khi con cÃ¡i káº¿t hÃ´n,2025-04-18 06:33:32,2025-05-21 10:22:30,00:24,,163.6K,868,9174,9159,"káº¿thÃ´n, kethon, wedding, weddingtiktok, phá»¥huynh, chame, bame, funny, viral, thinhhanh, vinh98, fyp",https://www.tiktok.com/@vinhv2215/video/7494537598510173458,7494537628918762241,nháº¡c ná»n - Vinh98,13 videos,Vinh98,true
trannhattan4,1.8M,7479306381099568391,"chÃºc máº¹ vÃ  2 chá»‹, cÃ¡c em, cÃ¡c chá»‹, cÃ¡c cÃ´ cÃ³ ngÃ y 8/3 háº¡nh phÃºc ğŸ¥°",2025-03-08 05:28:38,2025-05-21 10:22:43,00:27,,35K,227,91,1161,"trending, fyp, womenday",https://www.tiktok.com/@trannhattan4/video/7479306381099568391,7345352899923904513,YÃªu Bá»n Bá»‰,113.6K videos,ERIK|Freaky,false
vanmiu_beauty,1.2M,7473513573185113352,Bestie P2 - Báº¡n thÃ¢n hay báº£n thÃ¢n,2025-02-20 14:49:35,2025-05-21 10:22:57,01:03,17.1M,507.3K,7564,12.3K,26.9K,"vanmiubeauty, sfxmakeup",https://www.tiktok.com/@vanmiu_beauty/video/7473513573185113352,7473513692596882193,original sound - Vanmiu Beauty,4 videos,Vanmiu Beauty,true
tungduong20022,305.4K,7500170556398980360,O kÃ¨ =)),2025-05-03 10:52:18,2025-05-21 10:23:13,00:13,14.8M,556.5K,10.5K,277K,27.6K,"lytungduong, minhhienboutique",https://www.tiktok.com/@tungduong20022/video/7500170556398980360,7269807322301876225,CÃ´ng Tá»­ Báº¡c LiÃªu - SinKra Remix,25.8K videos,tiennguyen14206,false
_nqt_08th05,362.8K,7489808805614685445,,2025-04-05 12:43:25,2025-05-21 10:23:27,00:07,,67.1K,185,1050,1420,"_nqt_08th05, ddnxuhuong",https://www.tiktok.com/@_nqt_08th05/video/7489808805614685445,7477192306564844289,nháº¡c ná»n - ğ’ğ‡.ğ˜ğ“†,16.3K videos,HoÃ ng VÅ©,false
emkhongkhocc,2039,7500585172828425490,ng ngá»‘c lÃ  em!,2025-05-04 13:41:13,2025-05-21 10:23:42,00:17,1.1M,76.5K,435,7318,3145,"fyp, xuhuonggggggggggggggggg, viral, fyppppppppppppppppppppppp, pov",https://www.tiktok.com/@emkhongkhocc/video/7500585172828425490,7499674188098079505,nháº¡c ná»n - NhÆ° TrÃºc,770 videos,NhÆ° TrÃºc,false
hpx1999,16.1K,7484996638151347463,Váº¯ng anh em váº¯ng má»™t bá» vai,2025-03-23 13:29:45,2025-05-21 10:23:56,00:55,3.5M,346.6K,2519,22.2K,17.3K,"whenlifegivesyoutangerines, fyp, xuhuongtiktok",https://www.tiktok.com/@hpx1999/video/7484996638151347463,7249191883871226626,nháº¡c ná»n - ğ™ğ™Ì€ğ™£ğ™ ğ™†ğ™–,22.7K videos,TÃ¬nh Ka,false
enjiwooz,2437,7501700226084818194,Thi giá»i quÃ¡ he=))ğŸ¤¡,2025-05-07 13:48:12,2025-05-21 10:24:13,00:16,1.4M,99.7K,1049,50.4K,6047,"weakheroclass2, kdrama, oppa, parkhumin, nabaekjin, geumseongje, yeonsieun, gohyeontak, fyp, xuhuong",https://www.tiktok.com/@enjiwooz/video/7501700226084818194,7501700250080758529,nháº¡c ná»n - ğ™€ğ™£ğ™Ÿğ™ğ™¬ğ™¤ğ™¤à±¨à§,334 videos,ğ™€ğ™£ğ™Ÿğ™ğ™¬ğ™¤ğ™¤à±¨à§,true
chipxinhyeu__02,138,7500234194807753992,á»ª,2025-05-03 14:59:15,2025-05-21 10:24:30,00:10,616.3K,28.8K,437,4041,1193,"pixverseai, xybca",https://www.tiktok.com/@chipxinhyeu__02/video/7500234194807753992,7500227022125157136,nháº¡c ná»n - my love,7239 videos,owen ğŸ˜‹,false
supi_1821,156.8K,7481640212603424007,hai Ä‘á»©a yÃªu nhau tá»« khi cÃ²n tay tráº¯ng..!^^,2025-03-14 12:25:06,2025-05-21 10:24:44,00:19,,154.1K,408,3141,14.4K,"supi_1821, 16th8ğŸ¥€, shidoucodonğŸ¥€, tngâš˜_51210, hunlktyn, nhachay, nhacchill, tamtrang, thinhhanh, music",https://www.tiktok.com/@supi_1821/video/7481640212603424007,7481640256081562385,nháº¡c ná»n - ğ’ğ®ğ©ğ¢á¥«á­¡,805 videos,ğ’ğ®ğ©ğ¢á¥«á­¡,true
hungloe22,401.1K,7495412923662191890,khÃ©o áº»m cÃ²n Ä‘ang lÆ°á»›t tÃ­c tá»‘c,2025-04-20 15:10:15,2025-05-21 10:24:58,00:47,2M,155.9K,1135,28.3K,5471,,https://www.tiktok.com/@hungloe22/video/7495412923662191890,7491585086224222993,nháº¡c ná»n - VietZ,31 videos,VietZ,false
used27032025,37.1K,7492380880208497938,"ğŸ’–Chá»‰ cáº§n cÃ²n nhá»›, nghÄ©a lÃ  váº«n thÆ°Æ¡ng... DangDang ğŸ’–",2025-04-12 11:04:22,2025-05-21 10:25:12,00:19,4.2M,136.2K,540,1487,9142,"dangdang, giadinhdingdang, dingdang, chiemdingdang, xhtiktok, douyin, xhtiktok, trend",https://www.tiktok.com/@used27032025/video/7492380880208497938,7492380899938421505,nháº¡c ná»n - Phat,195 videos,Phat,true
tqiie.ng,3114,7480159381343014162,chuá»—i 200 â¤ï¸â€ğŸ”¥â¤ï¸â€ğŸ”¥ğŸ”¥ğŸ”¥,2025-03-10 12:38:43,2025-05-21 10:25:29,00:13,3.9M,191.7K,3450,67.7K,5685,tqiie,https://www.tiktok.com/@tqiie.ng/video/7480159381343014162,7383880603374045969,nháº¡c ná»n - ChÃºng Ta Cá»§a Hiá»‡n Táº¡i,33.8K videos,ChÃºng Ta Cá»§a Hiá»‡n Táº¡i,false
tuyetha_cuteha,149.4K,7486068990478011655,CÃ¡c báº¡n Ä‘Ã£ sáºµn sÃ ng cho tiá»‡c ngá»§,2025-03-26 10:51:01,2025-05-21 10:25:42,00:24,645.8K,39K,765,380,1784,"freefire, freefire_lover, xh, nhasangtaofreefire, sk_chuyensinh_ff, chuyensinhfreefire, xuhuongfreefire, gÆ¡fifaiğŸ”¥, bienhinh",https://www.tiktok.com/@tuyetha_cuteha/video/7486068990478011655,7443807750661868289,nháº¡c ná»n - Quá»³nh Quá»³nhğŸ¤,124.2K videos,ğŸ¤,false
diewlinz96,9847,7502098860475436295,Thi xong há»c kÃ¬ 2â€¦ğŸ˜µâ€ğŸ’«,2025-05-08 15:35:06,2025-05-21 10:25:57,00:28,3.2M,131.7K,2686,42.3K,13.2K,"vá»¥ng_trá»™m_khÃ´ng_thá»ƒ_giáº¥u, xhuongtiktok, trieulotu_zhaolusi, tangtri, chá»‰chá»‰, triÃªu_lá»™_tÆ°è¶™é­¯æ–¯, trieulotu_zhaolusi_ğŸ’œ, xhuongggggğŸ°, motchil, ğŸŒ¬há»™i_má»t_phimğŸ¬, xhuong",https://www.tiktok.com/@diewlinz96/video/7502098860475436295,7502098896215149328,nháº¡c ná»n - ğ™š_Dieuulinq ğŸ¬,2691 videos,ğ™š_Dieuulinq ğŸ¬,true
veo064,4286,7502323947266936082,ThÆ° giáº£n dá»¯ ha ğŸ¤£ğŸ¤£,2025-05-09 06:08:33,2025-05-21 10:26:10,00:18,4.7M,101.8K,3600,95.8K,5915,"hÃ ihÆ°á»›cvuinhá»™n, xhhhhhhhhhhhhhhhhhhhhhhh, typ",https://www.tiktok.com/@veo064/video/7502323947266936082,7489790756975528709,nháº¡c ná»n - wildman258,69.1K videos,wildman258,false
_quan_1108,637.2K,7498387365468097800,,2025-04-28 15:32:36,2025-05-21 10:26:24,00:08,,64K,283,3522,5307,"_quan_1108ğŸ§¸, fyp, tamtrang, ddnxuhuong",https://www.tiktok.com/@_quan_1108/video/7498387365468097800,7287132206735149825,nháº¡c ná»n - â“–â“â“™â“ â“¢â“â“£â“â“¡â“¤,6645 videos,Cáº£nh Nghi,false
dnkhaiver2,214.3K,7483708484651896071,DÃ¹ mai sau phong ba bÃ£o tá»‘â€¦ğŸ¤ªğŸ¤ª,2025-03-20 02:11:03,2025-05-21 10:26:42,00:15,1.2M,114.6K,1624,4395,7248,"xuhuong, xuhuongtiktok",https://www.tiktok.com/@dnkhaiver2/video/7483708484651896071,7359060080572042001,nháº¡c ná»n - á»›t cayğŸŒ¶ï¸ vÃ  hoa cÃºc ğŸŒ»,21.9K videos,á»›t cayğŸŒ¶ï¸ vÃ  hoa cÃºc ğŸŒ»,false
roe_verywhere,31.1K,7497111408690072839,"Lá»¥c Tiá»ƒu Linh Äá»“ng hiá»‡n táº¡i 66 tuá»•i Ä‘áº¿n trÆ°á»ng Ä‘áº¡i há»c biá»ƒu diá»…n cÃ¹ng vá»›i chiáº¿c gáº­y cá»§a Ã´ng áº¥y, xem xong kÃ­ á»©c tuá»•i thÆ¡ Ã¹a vá»",2025-04-25 05:01:14,2025-05-21 10:26:56,00:53,,459.9K,3484,19K,21.6K,"luctieulinhdong, tayduky",https://www.tiktok.com/@roe_verywhere/video/7497111408690072839,7056428434636966682,original sound,56.4K videos,DNğŸ™ƒ,false
hoangnghiemtuc,3903,7501549560716643591,Äá»‘i thá»§ Ä‘Ã¡ng gá»m trong lÄ©nh vá»±c toÃ¡n há»c,2025-05-07 04:03:32,2025-05-21 10:27:10,00:08,1.5M,145K,1840,42.1K,6993,"fyp, hoangnghiemtuc, funny, j4f, timx",https://www.tiktok.com/@hoangnghiemtuc/video/7501549560716643591,7501549601015597825,nháº¡c ná»n - HoÃ ng NghiÃªm TÃºc,2 videos,HoÃ ng NghiÃªm TÃºc,true
otpkorealtuireal111,3455,7496194358299954439,Má»™t chÃºt chá»¯a lÃ nh tá»«,2025-04-22 17:42:37,2025-05-21 10:27:23,02:39,5.6M,475.5K,4384,33.1K,43.7K,"heavenlyeverafter, kdrama, reviewphim",https://www.tiktok.com/@otpkorealtuireal111/video/7496194358299954439,7473828948474219280,nháº¡c ná»n - Tá»­ Du,27.4K videos,Tá»­ Du,false
chipupu,3.4M,7490609460520537362,Bá»‹ thÃ­ch cÃ¡i giá»±t giá»±t nÃ y ğŸ˜†,2025-04-07 16:30:22,2025-05-21 10:27:39,00:19,2.2M,169.7K,610,1650,3249,"chipu, chipuèŠèŠ™, capcut",https://www.tiktok.com/@chipupu/video/7490609460520537362,7401805069593021201,nháº¡c ná»n - RHYKHO,81.7K videos,user81555491396,false
buonmotchut701,1456,7499038078422502663,,2025-04-30 09:37:42,2025-05-21 10:27:54,00:10,759.4K,105.7K,1940,26.2K,9418,xuhuong,https://www.tiktok.com/@buonmotchut701/video/7499038078422502663,7440445065698249488,nháº¡c ná»n - é˜®å¦,15K videos,é˜®å¦,false
im.ahtone,357.2K,7499722186316369160,,2025-05-02 05:52:23,2025-05-21 10:28:08,00:17,,106.9K,517,6691,10.2K,"tung6th2, aettentertainment",https://www.tiktok.com/@im.ahtone/video/7499722186316369160,7471260754486856464,nháº¡c ná»n - ğ™ğ™ğ™–ğ™£ğ™ ğ™ˆğ™–ğ™ğ™ğ™  ä¸­å›½,6183 videos,ğ™ğ™ğ™–ğ™£ğ™ ğ™ˆğ™–ğ™ğ™ğ™  ä¸­å›½,false
crystalzoe,71.6K,7500696549547150599,Anh Ä‘Ã£ Ä‘á»™t nháº­p vÃ o mÃ¡y áº£nh cá»§a em vÃ  em Ä‘Ã£ nháº¥n mÃ£i mÃ£i Äá»«ng Ä‘á»ƒ tÃ¬nh yÃªu phai nháº¡t,2025-05-04 20:53:25,2025-05-21 10:28:21,00:18,4.8M,239.8K,541,1694,13.7K,,https://www.tiktok.com/@crystalzoe/video/7500696549547150599,7500696608955239185,nháº¡c ná»n - crystal,165 videos,crystal âœ…,true
leminhchillguy,83.1K,7474958652093369607,CÆ° tÃª,2025-02-24 12:17:14,2025-05-21 10:28:49,00:11,5.7M,255.2K,2098,19.7K,13.8K,,https://www.tiktok.com/@leminhchillguy/video/7474958652093369607,7474958693755341584,nháº¡c ná»n - LÃª Minh Chill GuyğŸ‘½,12.4K videos,LÃª Minh Chill GuyğŸ‘½,true
akwypkipkai,597,7493358808165534994,????????,2025-04-15 02:19:14,2025-05-21 10:29:04,00:08,644.4K,53.9K,421,16.8K,917,viral,https://www.tiktok.com/@akwypkipkai/video/7493358808165534994,7360662723643935489,nháº¡c ná»n - Nguyen Phatt,18.2K videos,Nguyen Phatt,false
_nqt_08th05,362.8K,7497029031104204040,,2025-04-24 23:41:34,2025-05-21 10:29:18,00:07,,95.5K,415,7626,8528,"_nqt_08th05, ddnxuhuong",https://www.tiktok.com/@_nqt_08th05/video/7497029031104204040,7319498346497542914,nháº¡c ná»n - declarationğŸ¶,6530 videos,declarationğŸ¶,false
be34040,587,7490088358224383287,nghÃ¨o cÅ©m theooğŸ˜,2025-04-06 06:48:13,2025-05-21 10:29:34,00:22,831.6K,114.1K,365,10.5K,4968,parkbogum,https://www.tiktok.com/@be34040/video/7490088358224383287,7489385548516821815,nháº¡c ná»n - ğ™£ğ™© à­¨à§,33 videos,ğ™£ğ™© à­¨à§,false
_.28th5._td,2753,7500853035334176008,ğŸ¤§,2025-05-05 07:00:40,2025-05-21 10:29:47,00:09,699K,63.5K,540,6886,3946,"motchill, rophim, phimtrungquoc, thanhxuanvuontruong, txvt, xh",https://www.tiktok.com/@_.28th5._td/video/7500853035334176008,7500853059862825745,nháº¡c ná»n - ç¿ é˜³,1 videos,ç¿ é˜³,true
nh._xinh,14.5K,7497452372206177543,Sh 125 há»“ng loang Ä‘en 2025 chá»‰ 73cá»§ ğŸ | Há»— trá»£ tráº£ gÃ³p tá»« 15 ğŸ  | Ship xe toÃ n quá»‘c âœ…0398.022âœ…961,2025-04-26 03:04:21,2025-05-21 10:30:04,00:19,2M,44.5K,1709,3883,4198,"xedo, xedep, xuhuong, xuhuongtiktok, vairal, sh, sh125, sh160, 2025, xemaytragopbinhduong, nhÆ°xemay, hot, hottrend, varil",https://www.tiktok.com/@nh._xinh/video/7497452372206177543,7463316585165015809,nháº¡c ná»n - Thu trÃ  shopp,45.9K videos,Thu trÃ  shopp,false
trongvinh1806,19.8K,7502282541471206674,Ai bÃ y ra cÃ¡i nÃ y váº­y ğŸ˜­,2025-05-09 03:27:53,2025-05-21 10:30:20,00:07,4.7M,306.1K,9597,45.3K,12.2K,"trongvinh1806, fbtxuhuong, fyp, abcdxyz, tamtrang, content",https://www.tiktok.com/@trongvinh1806/video/7502282541471206674,7092260662893808411,nháº¡c ná»n - Chá»­ quá»‘c huy,6979 videos,Chá»­ quá»‘c huy,false
a1k57wissenchaft,1738,7475181848918773000,Cho cáº£ nhÃ  xem biáº¿n hÃ¬nh cáº£ thÃ¡ng,2025-02-25 02:43:21,2025-05-21 10:30:34,00:13,544.5K,38.6K,166,2625,1788,"viral, fyp, kyyeu",https://www.tiktok.com/@a1k57wissenchaft/video/7475181848918773000,7475181895459474192,nháº¡c ná»n - A1K57,10 videos,A1K57,true
htchannel,5.2M,7474532812830330113,2017 MÃ² lÃªn táº­n lá»›p cá»§a Em,2025-02-23 08:44:45,2025-05-21 10:30:48,00:18,,339.1K,1083,5892,8141,,https://www.tiktok.com/@htchannel/video/7474532812830330113,7472669886729505553,nháº¡c ná»n - Thuá»·ğŸ’‹,20.7K videos,Thuá»·ğŸ’‹,false
10c8.kt.ni.yu.thn,23.6K,7479246574183271688,Äang mÆ¡ mÃ ..,2025-03-08 01:36:33,2025-05-21 10:31:11,00:11,34.5M,3.9M,17.2K,798K,207.2K,xhhhhhhhhhhhhhhhhhhhhhhh,https://www.tiktok.com/@10c8.kt.ni.yu.thn/video/7479246574183271688,7479246616612834064,nháº¡c ná»n - 10c8 káº¿t ná»‘i yÃªu thÆ°Æ¡ng,45 videos,10c8 káº¿t ná»‘i yÃªu thÆ°Æ¡ng,true
minh_hieu_358,249.4K,7486833988422634757,Minh Hiáº¿u â¤ğŸ’ª,2025-03-28 12:19:36,2025-05-21 10:31:24,00:16,,94.1K,402,1026,3976,"hoangminhhieu1204, hieuhaobapgao_familyğŸŒ½, fanhoangminhhieuğŸŒ±, gÃ£ytvmedia, gÃ£ytv, xhuongtiktok, xuhuong2024, xhtiktok",https://www.tiktok.com/@minh_hieu_358/video/7486833988422634757,7486833975869164293,nháº¡c ná»n - HoÃ ng Minh Hiáº¿u,70 videos,HoÃ ng Minh Hiáº¿u,true
_nqt_08th05,362.9K,7497485093301144839,,2025-04-26 05:11:20,2025-05-21 10:31:38,00:07,,54.6K,185,4949,4240,"_nqt_08th05, ddnxuhuong",https://www.tiktok.com/@_nqt_08th05/video/7497485093301144839,7319498346497542914,nháº¡c ná»n - declarationğŸ¶,6532 videos,declarationğŸ¶,false
dnkhaii,868.4K,7482075707598736647,Ãnh máº¯t yÃªu thÆ°Æ¡ngâ€¦â¤ï¸â¤ï¸ |Dc:,2025-03-15 16:35:02,2025-05-21 10:31:52,00:27,5.3M,416.7K,3864,14.5K,27K,"xuhuong, xuhuongtiktok",https://www.tiktok.com/@dnkhaii/video/7482075707598736647,7479396885908736785,nháº¡c ná»n - ğ‡ğ¨Ã ğ§ğ  Ãšğ­ ğŒğ®ğ¬ğ¢ğœ âœˆ,19.2K videos,ğ‡ğ¨Ã ğ§ğ  Ãšğ­ ğŒğ®ğ¬ğ¢ğœ âœˆ,false
_261zz,72.1K,7498748867626732818,..,2025-04-29 14:55:25,2025-05-21 10:32:08,00:09,,29.5K,118,1577,797,"nhannguyen_2610, tamtrang, fbtxuhuong, fpy",https://www.tiktok.com/@_261zz/video/7498748867626732818,7398137976544332560,nháº¡c ná»n - é˜®å¦,149.1K videos,é˜®å¦,false
quocdung833,128.5K,7475310461425061127,CÆ¡m nÆ°á»›c gÃ¬ chÆ°a ngÆ°á»i Ä‘áº¹p,2025-02-25 11:02:26,2025-05-21 10:32:25,00:13,,190.6K,2425,80K,6914,,https://www.tiktok.com/@quocdung833/video/7475310461425061127,7463730276129458945,xyz.tm08,6649 videos,dpâ˜†.,false
thai.salon.kobitcattoc,2033,7480938328683056391,Kiá»ƒu tÃ³c phÃ¹ há»£p vá»›i má»i khuÃ´n máº·t,2025-03-12 15:01:26,2025-05-21 10:32:41,00:14,3.3M,170.3K,596,8070,15.8K,"layer, mullet, tocnamdep, hairstyle",https://www.tiktok.com/@thai.salon.kobitcattoc/video/7480938328683056391,7480938369174801169,nháº¡c ná»n - thÃ¡i salon ko biáº¿t cáº¯t tÃ³cğŸ¥²,19 videos,thÃ¡i salon ko biáº¿t cáº¯t tÃ³cğŸ¥²,true
laoco13,166.6K,7499758768188574984,Ai nhiá»u nÆ°á»›c thÃ¬ dÃ¹ng ná»‡m nÃ y,2025-05-02 08:14:21,2025-05-21 10:32:57,00:20,,14.3K,639,12.1K,536,,https://www.tiktok.com/@laoco13/video/7499758768188574984,7495346617982143233,nháº¡c ná»n - Phan Yáº¿n,192.3K videos,Phan Yáº¿n,false
toxi_loveyou,15.7K,7497607077351755016,Xem xem ai tháº£o mai nháº¥t nÃ o ğŸ¤£ğŸ¤£,2025-04-26 13:04:41,2025-05-21 10:33:17,00:53,2.6M,235.2K,5305,120.3K,18.5K,"tiengtrungtoxi, tiktok, fyp, hoctiengtrung, traxanh",https://www.tiktok.com/@toxi_loveyou/video/7497607077351755016,7497607166480698113,åŸå£° - Báº¡n biáº¿t Tiáº¿ng Trung chÆ°a ?,3 videos,Báº¡n biáº¿t Tiáº¿ng Trung chÆ°a ?,true
mikeokee,7363,7499805402222038280,rá»©t vÃ  khoÃ¡t,2025-05-02 11:15:19,2025-05-21 10:33:33,00:11,14.3M,735.1K,13.8K,846.1K,34.6K,,https://www.tiktok.com/@mikeokee/video/7499805402222038280,7499810582535801616,nháº¡c ná»n - Su Mai,4 videos,Su Mai,true
duc.849,3909,7479779672650157330,váº«n Ä‘ang trong quÃ¡ trÃ¬nh thá»­ thÃ¡ch báº£n thÃ¢n,2025-03-09 12:05:15,2025-05-21 10:33:47,00:11,515.8K,11.5K,152,379,758,"cscd_viá»‡t_nam, cscd_pk02, xh, cscd_bá»™cÃ´ngan, congannhandan, botulenhcanhsatcodong_k02, candvn",https://www.tiktok.com/@duc.849/video/7479779672650157330,7444912114433624080,LUNY Not Sad,10.6K videos,ThÃ´ngğŸ¥€,false
justbinhan,393K,7475291520652823815,LÃªn xe Ä‘i cÆ°ngğŸ˜‚,2025-02-25 09:48:56,2025-05-21 10:34:02,00:19,3.5M,182.6K,558,1872,6060,"capcut, binhan, fyp",https://www.tiktok.com/@justbinhan/video/7475291520652823815,7377612789117946640,nháº¡c ná»n - BB97 VÄƒn LÃ½,10.3K videos,Empire Club Quáº­n 1,false
_nqt_08th05,362.9K,7497211897893113106,,2025-04-25 11:31:11,2025-05-21 10:34:19,00:07,,145K,796,9199,14.4K,"_nqt_08th05, ddnxuhuong",https://www.tiktok.com/@_nqt_08th05/video/7497211897893113106,7319498346497542914,nháº¡c ná»n - declarationğŸ¶,6530 videos,declarationğŸ¶,false
.bestnoo,7727,7499291585897614610,Cáº§u thá»§ tráº» nÃ o xuáº¥t sáº¯c hÆ¡n Lamine Yamal ngay lÃºc nÃ y ğŸ¤©ğŸ”¥,2025-05-01 02:01:26,2025-05-21 10:34:39,00:18,,29.4K,517,749,1624,"lamineyamal, barcelona, football, xuhuongtiktok",https://www.tiktok.com/@.bestnoo/video/7499291585897614610,7387253489514138384,Nháº¡c full trÃªn kÃªnh Yiu TÃºp_No1 Vinahouse,6983 videos,No1 Vinahouse,false
flash_soc,2496,7501301432017030407,MÆ°á»£t nhÆ° sunsilk,2025-05-06 12:00:40,2025-05-21 10:34:55,00:11,543.2K,33.4K,349,2273,1416,"Ä‘iá»nkinh, dienkinh, marathon, chaybo, cháº¡ybá»™, althletics, running, runners, run, socrunner, socrunning, socrunners, cháº¡y",https://www.tiktok.com/@flash_soc/video/7501301432017030407,7491559500722359057,nháº¡c ná»n - HoÃ ng B.TÆ°á»›c,5888 videos,btuoc,false
julie.hpt,63.6K,7478561216340708626,,2025-03-06 05:17:01,2025-05-21 10:35:09,00:12,6.6M,346.3K,2389,59.9K,12.4K,xuhuong,https://www.tiktok.com/@julie.hpt/video/7478561216340708626,7474110087205374775,original sound - Bakmi Gading Permai,66 videos,Bakmi Gading Permai,false
_iamhung081,113.5K,7488619945924758839,KhÃ´ng Nghe HÆ¡i PhÃ­ ğŸ—¿ | HÃ£y Äeo Tai Nghe Äá»ƒ Tráº£i Nghiá»‡m Tá»‘t Nháº¥t,2025-04-02 07:50:02,2025-05-21 10:35:25,00:25,,52.4K,243,1035,4107,"nhac, music, trend, hottrend, hungmusicğŸ’«, remix, bass, aveeplayer, vairal",https://www.tiktok.com/@_iamhung081/video/7488619945924758839,7488620029618244358,nháº¡c ná»n - HÆ°ng Music ğŸ§âœˆ,1756 videos,HÆ°ng Music ğŸ§âœˆ,true
,,7502791531846307080,,2025-05-10 12:23:01,2025-05-21 10:35:42,,,1047,,,,,,,,,,
tofn.official,818.5K,7502791531846307080,Äiá»ƒm danh phÃ¡t thiá»‡t má»i â¤ï¸,2025-05-10 12:23:01,2025-05-21 10:36:33,00:12,1.8M,121.2K,1691,15.4K,5986,tranquoctoan,https://www.tiktok.com/@tofn.official/video/7502791531846307080,7501186500432907009,nháº¡c ná»n - Vyle Ä‘á»i thÆ°á»ng,19.7K videos,Vyle Ä‘á»i thÆ°á»ng,false
nhuqqlee,4590,7478516862884547848,"Háº¡nh phÃºc Ä‘Ã´i khi Ä‘Æ¡n giáº£n lÃ  cÃ³ má»™t cÃ´ng viá»‡c á»•n Ä‘á»‹nh, tá»‘i vá» Äƒn cÆ¡m mÃ³n mÃ¬nh thÃ­ch, mua má»™t mÃ³n Ä‘á»“ vá»«a váº·n tiá»n váº«n cÃ²n dÆ°, thá»‰nh thoáº£ng mua cho ba cho máº¹ má»™t mÃ³n quÃ , gáº·p Ä‘Æ°á»£c ngÆ°á»i muá»‘n gáº·p, Ä‘áº¿n má»™t nÆ¡i báº£n thÃ¢n muá»‘n ğŸ’—",2025-03-06 02:24:54,2025-05-21 10:36:48,00:30,7.5M,100.8K,4767,2086,4431,,https://www.tiktok.com/@nhuqqlee/video/7478516862884547848,7474832753071328001,nháº¡c ná»n - thietnhuy,844 videos,thietnhuy,false
lucia_fuong,238.4K,7502225119545167121,:)))) Äƒn uá»‘ng trÃ´i háº¿t ná»n,2025-05-08 23:45:03,2025-05-21 10:37:02,00:32,3.4M,304.1K,1065,3738,12.3K,votomiokagiyuu,https://www.tiktok.com/@lucia_fuong/video/7502225119545167121,7490479636112050945,à¹€à¸ªà¸µà¸¢à¸‡à¸•à¹‰à¸™à¸‰à¸šà¸±à¸š - PzRemix,19.1K videos,PzRemix,false
ttb.2025,2064,7494952551247301906,chÆ°a tá»›i ngÃ y chÃ­nh thá»©c nhÆ°ng lÃ²ng Ä‘áº§y tá»± hÃ o vÃ  khÃ­ tháº¿ - Viá»‡t Nam ğŸ‡»ğŸ‡³- ChÃ o má»«ng 50 nÄƒm ngÃ y giáº£i phÃ³ng hoÃ n toÃ n miá»n Nam vÃ  thá»‘ng nháº¥t Ä‘áº¥t nÆ°á»›c: 30.04.1975 - 30.04.2025,2025-04-19 09:23:46,2025-05-21 10:37:18,00:26,2.5M,349.8K,1362,17.2K,23.4K,"capcut, vietnam, a50, military, 50namgiaiphongmiennnamğŸ‡»ğŸ‡³",https://www.tiktok.com/@ttb.2025/video/7494952551247301906,7393291074319223569,nháº¡c ná»n - ğ—–ğ—®ğ—½ğ—°ğ˜‚ğ˜ ğŸ,1389 videos,Template Capcut ğŸ,false
_t.qwzuiy_,28.3K,7492026997078576392,"""Bá»Ÿi vÃ¬ Doraemon luÃ´n lÃ  thÃ nh viÃªn trong gia Ä‘Ã¬nh cá»§a mÃ¬nh....""",2025-04-11 12:11:08,2025-05-21 10:37:36,01:36,2M,291.7K,1123,9140,24.2K,"doraemon, nobita, xuhuongtiktok, edit",https://www.tiktok.com/@_t.qwzuiy_/video/7492026997078576392,7492027066339068673,nháº¡c ná»n - ğŒğÌ€ğ¨ ğ”Ì,9 videos,ğŒğÌ€ğ¨ ğ”Ì,true
minhduc_d2,57.3K,7487427526143298821,Bá»‘ gank quÃ¡n nÃ©t lÃ  cÃ³ tháº­t :)))).,2025-03-30 02:42:50,2025-05-21 10:37:53,00:50,4.7M,177.8K,1965,5634,14.3K,"roosy_zlsğŸ’ğŸ’œ, cá»•trangğŸ, ğŸ¥€ce_láº§uxanhğŸ¦‹, idol_teamğŸ‘‘, kpnğŸ‘‘, ğŸ‘‘gÄ‘_jujingyiğŸ¯ğŸŠğŸ‘‘, ju_jing_yiâœ¨, hieuquynh, hoangminhhieu, gay, quynhmoonğŸŒ™, gaytv, jing_yiâœ¨, xuhuongtiktokkk, xuhuong, xhhhhhhhhhhhhhhhhhhhhhhhhhhhh",https://www.tiktok.com/@minhduc_d2/video/7487427526143298821,7487427550147660549,nháº¡c ná»n - ğ“—ğ“¸ğ“ªÌ€ğ“·ğ“° ğ“œğ“²ğ“·ğ“± Äğ“¾Ì›Ìğ“¬âšœï¸,97 videos,ğ“—ğ“¸ğ“ªÌ€ğ“·ğ“° ğ“œğ“²ğ“·ğ“± Äğ“¾Ì›Ìğ“¬âšœï¸,true
chengtom02,5.5M,7473721426130767121,NgÃ y cÃ ng giá»‘ng nhau záº­y ta,2025-02-21 04:16:10,2025-05-21 10:38:08,00:18,5M,311.8K,1550,4052,7111,"fyp, foryou, foryoupage",https://www.tiktok.com/@chengtom02/video/7473721426130767121,7470868195230993169,nháº¡c ná»n - Giang nhÃµ ğŸğŸ³ï¸â€ğŸŒˆ,162.8K videos,Giang nhÃµ ğŸğŸ³ï¸â€ğŸŒˆ,false
_qhoiiii,2368,7501185678143769876,,2025-05-06 04:31:29,2025-05-21 10:38:25,00:17,674.4K,34K,199,2306,1099,"capcut, xh, viral",https://www.tiktok.com/@_qhoiiii/video/7501185678143769876,7491208663588293377,nháº¡c ná»n,2866 videos,Váº¹N day,false
hnghin02,36.5K,7483514888401243408,Äáº¹p nhÆ° tranh nuÃ´n,2025-03-19 13:39:48,2025-05-21 10:38:45,00:06,1.4M,97.9K,1341,1924,5831,,https://www.tiktok.com/@hnghin02/video/7483514888401243408,7476788200858798864,nháº¡c ná»n - langthangchocopieahjhj,6215 videos,langthangchocopieahjhj,false
nthanh.206,76.7K,7479628555568057607,,2025-03-09 02:18:50,2025-05-21 10:39:04,00:17,,154K,3159,8625,12.3K,"nthanh206, tamtrang, xuhuongtiktok, fyp",https://www.tiktok.com/@nthanh.206/video/7479628555568057607,7432400051055430417,suara asli - â€”á¥±á¥£Ñ–sá¥´á¥¡á¥²á¥²â­’à¹‹ğ™š,5361 videos,ğ——ğ—”ğ—¥ğ— ğ—£ğ—›ğ—”ğ—¡ğ—§ğ—¢ğ— 'ğ—¦ğŸ´,false
trinncute20,211.9K,7481188177269804295,+1 bÃ i hÃ¡t ná»‹nh chá»“ng ğŸ¥°ğŸ¤£,2025-03-13 07:10:58,2025-05-21 10:39:21,00:32,3.4M,43.3K,194,402,1750,,https://www.tiktok.com/@trinncute20/video/7481188177269804295,7479685761630063376,nháº¡c ná»n - ğ‘¾ğ’‚ğ’ğ’ˆğ’ğ’†ğ’†,122.7K videos,ğ‘¾ğ’‚ğ’ğ’ˆğ’ğ’†ğ’†,false
p_shiri,1.1M,7499065532159675666,Nay Meitu láº¡i ra kiá»ƒu tÃ³c má»›i nÃ y:))),2025-04-30 11:24:14,2025-05-21 10:39:35,00:54,1.6M,72.1K,640,373,3356,"meitu, kieutocai, connguoi",https://www.tiktok.com/@p_shiri/video/7499065532159675666,7414056466530798352,nháº¡c ná»n - tháº£o,87K videos,tháº£o,false
cimnga7,93.8K,7474110241093733639,,2025-02-22 05:24:58,2025-05-21 10:39:52,00:20,1.9M,143.8K,6094,1463,9159,"viral, artistvietnam",https://www.tiktok.com/@cimnga7/video/7474110241093733639,7474110294185233168,original sound - kim nga,41 videos,kim nga,true
checkinvietnam,1.5M,7497990607030291720,"Tá»•ng duyá»‡t Ä‘áº¹p cá»¡ nÃ y, 30/4 Ä‘áº¹p cá»¡ nÃ o ğŸ‡»ğŸ‡³ Cáº£m Æ¡n chia sáº» cá»§a",2025-04-27 13:52:59,2025-05-21 10:40:08,00:29,6.6M,313.3K,1623,16.8K,13.5K,"LinhVo, checkinvietnam, bandocheckinVN, 50namgiaiphongmiennam, tiktok, vtcmedia, tiktoktravel, LearnOnTikTok, linhjuliann",https://www.tiktok.com/@checkinvietnam/video/7497990607030291720,7492830589948381968,nháº¡c ná»n - hoa hÆ°á»›ng dÆ°Æ¡ng,1033 videos,hoa hÆ°á»›ng dÆ°Æ¡ng,false
wyw_oh,10.3K,7489818696492354822,TÃ³m táº¯t phim: siÃªu khuyá»ƒn tháº§n thÃ´ng!,2025-04-05 13:21:47,2025-05-21 10:40:23,02:32,3.9M,252K,1330,14.9K,20.7K,"cj7, tomtatphim, chautinhtri, edits, movie, fyp, xuhuong",https://www.tiktok.com/@wyw_oh/video/7489818696492354822,7489818731541236486,nháº¡c ná»n - Effimero,2 videos,Effimero,true
tnghiadzai01,109.9K,7479454483563482376,zay nha boÃ aaaaa,2025-03-08 15:03:21,2025-05-21 10:40:37,00:15,,225.3K,690,4095,8435,tnghiadzai,https://www.tiktok.com/@tnghiadzai01/video/7479454483563482376,7479454571002219280,nháº¡c ná»n - â€¢ğ•¥ğ•™ğ•’Ìğ•š ğ•Ÿğ•˜ğ•™ğ•šÌƒğ•’â€¢,166 videos,â€¢ğ•¥ğ•™ğ•’Ìğ•š ğ•Ÿğ•˜ğ•™ğ•šÌƒğ•’â€¢,true
htchannel,5.2M,7474964708047523073,Khoáº£nh kháº¯c áº¥y â€¦,2025-02-24 12:40:44,2025-05-21 10:40:52,00:20,4.1M,255.4K,1846,4261,5497,,https://www.tiktok.com/@htchannel/video/7474964708047523073,7398178463196187409,nháº¡c ná»n - Family,6592 videos,Family,false
kotintinhyeu.ok,3036,7502272026439109904,hiá»ƒuğŸ˜Œ,2025-05-09 02:47:04,2025-05-21 10:41:10,00:19,1.6M,131.4K,960,31.8K,6805,,https://www.tiktok.com/@kotintinhyeu.ok/video/7502272026439109904,7500979813261593350,nháº¡c ná»n - ğ“ğ®ğšğ§ ğ‡ğ®ğ® ğŸ’«,29.5K videos,ğ“ğ®ğšğ§ ğ‡ğ®ğ® ğŸ’«,false
dorisuniverse,9392,7492414338116914449,"""Náº¿u chÃºng ta khÃ´ng káº¿t thÃºc chiáº¿n tranh thÃ¬ chiáº¿n tranh sáº½ káº¿t thÃºc chÃºng ta."" |",2025-04-12 13:14:12,2025-05-21 10:41:25,03:04,2.9M,425.7K,2845,28.3K,62K,"missgrandvietnam, dorisuniverse",https://www.tiktok.com/@dorisuniverse/video/7492414338116914449,7492414519659219728,nháº¡c ná»n - ğ˜¿ğ™¤ğ™§ğ™ğ™¨ ğ™ğ™£ğ™ğ™«ğ™šğ™§ğ™¨ğ™š,31 videos,ğ˜¿ğ™¤ğ™§ğ™ğ™¨ ğ™ğ™£ğ™ğ™«ğ™šğ™§ğ™¨ğ™š,true
adore_007,271K,7475385688297393426,Táº¡i sao tÃ´i khÃ´ng thá»ƒ quÃªn Ä‘i má»™t ngÆ°á»i dÆ°ng..,2025-02-25 15:54:21,2025-05-21 10:41:39,00:21,,295.6K,4079,13.3K,34.9K,"xuhuong, adore_07, xh, nhachaymoingay, tamtrang, confide_one, buon, story, capcut, fyp",https://www.tiktok.com/@adore_007/video/7475385688297393426,7311962907099581186,nháº¡c ná»n - _21th11..,15.2K videos,Beo NhÃ­,false
edoublet_,1032,7501192033244089608,cho m nÃ³i láº¡i,2025-05-06 04:56:09,2025-05-21 10:41:55,00:09,1.1M,45.2K,394,15.2K,640,,https://www.tiktok.com/@edoublet_/video/7501192033244089608,7500227022125157136,nháº¡c ná»n - my love,7238 videos,owen ğŸ˜‹,false
anzu8386,64.6K,7500915698785406215,cÃ³ thá»ƒ lÃ  Ä‘i biá»ƒn háº¿t mÃ¹a hÃ¨,2025-05-05 11:03:50,2025-05-21 10:42:11,00:21,573.6K,67.4K,452,18.7K,4179,,https://www.tiktok.com/@anzu8386/video/7500915698785406215,7457935824317287169,nháº¡c ná»n - Ninh VÄƒn KiÃªn,483 videos,Ninh VÄƒn KiÃªn,false
conmeo05,20.6K,7477435937803209991,LÃªn ná»‘t Báº¯c Bling vá»›i quáº¡t lá»¥a ğŸª­,2025-03-03 04:30:22,2025-05-21 10:42:30,00:19,6.5M,399.6K,6086,13.9K,20.3K,"bacbling, bacninh, muaquat, hoaminzy",https://www.tiktok.com/@conmeo05/video/7477435937803209991,7475700746534570000,Báº¯c Bling (Báº¯c Ninh) (Prod. by Masew),71.1K videos,XuÃ¢n Hinh|HoÃ  Minzy|Tuáº¥n Cry,false
ttbtbn3979,21K,7502585557508295943,,2025-05-09 23:03:44,2025-05-21 10:42:49,00:10,8M,278.6K,6920,1.4M,31.8K,"greencreator, vinpearl, vinwonders, vinpearlgolf, wondersummer, tuhaovietnam, vinpearlsafariphuquoc, safariphuquoc",https://www.tiktok.com/@ttbtbn3979/video/7502585557508295943,6966833887565695745,nháº¡c ná»n,8069 videos,Ty bÃ©,false
conbocuoi_118,1689,7475303521521339656,yetttt,2025-02-25 10:35:30,2025-05-21 10:43:08,00:42,3.6M,241K,4789,33.7K,9386,"bff, loveu, viralvideo, xuhuongtiktok, fyp, myfriend",https://www.tiktok.com/@conbocuoi_118/video/7475303521521339656,7475303843299986193,nháº¡c ná»n - JudyğŸ’—,10 videos,JudyğŸ’—,true
ng_ppiin,6879,7502868735565319431,TÃ´i muá»‘n tháº¯ng hÃ ng da máº¥y anh Æ¡iii,2025-05-10 17:22:36,2025-05-21 10:43:28,00:19,529.3K,47.2K,1427,3259,1484,,https://www.tiktok.com/@ng_ppiin/video/7502868735565319431,7502868763218348816,nháº¡c ná»n - PhÆ°Æ¡ng á»ˆnğŸ·,4 videos,PhÆ°Æ¡ng á»ˆnğŸ·,true
pityeune._,4143,7503791627140418834,"dethuong mÃ  tháº¥y thuong rhy quÃ¡a , áº£nh Ä‘au chÃ¢n khÃ´ng Ä‘c Ä‘i láº¡i nhÃ¬u Ä‘c ğŸ¥ºğŸ’™",2025-05-13 05:03:54,2025-05-21 10:43:46,00:21,1.2M,115.8K,1879,7137,16.4K,"atsh, rhycap, rhyder, captainboy, dangyeu, xhuong, fyp, viral",https://www.tiktok.com/@pityeune._/video/7503791627140418834,7503791687827835665,nháº¡c ná»n - PIT YEUNE á¶» ğ—“ ğ°,55 videos,PIT YEUNE á¶» ğ—“ ğ°,true
huong07_10,231.2K,7484788716372888850,vua chÃºa cÅ©ng chá»‰ Ä‘áº¿n tháº¿ lÃ  cÃ¹ng,2025-03-23 00:02:54,2025-05-21 10:44:04,00:13,20.9M,1M,8169,83K,59.3K,"viral, xuhuong, fyp",https://www.tiktok.com/@huong07_10/video/7484788716372888850,7475312342566390544,nháº¡c ná»n - ğ™ğ™ğ™š ğ™Œğ™ªğ™¤ğ™˜,307.2K videos,ğ™ğ™ğ™š ğ™Œğ™ªğ™¤ğ™˜,false
used27032025,37.1K,7487046042525961477,XÃ©m chÃºt lÃ  khÃ´ng nháº­n ra Ding VÃ  Dang rá»“i ( CÃ´ng nháº­n 2 áº»m xinh tháº­t â™¥ï¸â™¥ï¸â™¥ï¸),2025-03-29 02:02:29,2025-05-21 10:44:24,00:20,3.9M,267.1K,1749,3759,19.9K,"dingdingdangdang, chiemdingdang, dingding, dangdang, xiaoxiao, dingdang, dingding, dangdang, giadinhdingdang, douyin, xhtiktok, trend",https://www.tiktok.com/@used27032025/video/7487046042525961477,7487046084545202999,nháº¡c ná»n - Phat,219 videos,Phat,true
ngoctrankio,523.8K,7473798026323102983,Xinloi quÃªn lá»i,2025-02-21 09:13:25,2025-05-21 10:44:41,00:15,,465.5K,2879,18.7K,21.1K,,https://www.tiktok.com/@ngoctrankio/video/7473798026323102983,7456331915629579025,nháº¡c ná»n - thuá»³nÃ¨,3680 videos,thuá»³nÃ¨,false
gocphimcuatafi,172.4K,7484452109392301319,"Em yÃªu anh ráº¥t nhiá»u, nhÆ°ng em cÅ©ng yÃªu em...",2025-03-22 02:16:42,2025-05-21 10:44:57,00:30,,453.2K,2115,34.7K,41.1K,"gocphimcuatafi, whenlifegivesyoutangerines",https://www.tiktok.com/@gocphimcuatafi/video/7484452109392301319,7079784381849570074,Chá» Ä‘á»£i cÃ³ Ä‘Ã¡ng sá»£,43.6K videos,20th6,false
nhuchuu0909,2.4M,7477769503405870354,4 nÄƒm quen nhau káº¿t thÃºc báº±ng 1 Ä‘Ã¡m cÆ°á»›i viÃªn mÃ£n â™¥ï¸,2025-03-04 02:04:46,2025-05-21 10:45:15,00:21,6M,254.2K,974,2826,5725,,https://www.tiktok.com/@nhuchuu0909/video/7477769503405870354,7474635909204282113,Nháº­n Pr Nonstop GiÃ¡ Ráº½,37.6K videos,ğ˜¿ğ˜¼ğ™† ğ™ˆğ™ªğ™¨ğ™ğ™˜ âœˆï¸,false
hoaa.hanassii,17.7M,7486482694956748039,Sai cÃ¡ch yÃªu,2025-03-27 13:36:24,2025-05-21 10:45:36,00:15,9.6M,602.1K,6183,8629,17.3K,,https://www.tiktok.com/@hoaa.hanassii/video/7486482694956748039,7481506469150591760,åŸå£° - YOUKU Vietnam,18.5K videos,YOUKU Vietnam,false
theduy555,10.5K,7493349789699034375,ğŸ˜‚,2025-04-15 01:44:14,2025-05-21 10:45:52,00:12,17.4M,1.6M,27.9K,901.1K,110.1K,,https://www.tiktok.com/@theduy555/video/7493349789699034375,6693420946432199426,i'm Peppa Pig,2.3M videos,,false
thao_denn,932K,7498041653215694087,,2025-04-27 17:11:04,2025-05-21 10:46:05,00:08,,66.6K,227,7989,4860,"thao_denn, lunyentertainment",https://www.tiktok.com/@thao_denn/video/7498041653215694087,7444912114433624080,LUNY Not Sad,10.6K videos,ThÃ´ngğŸ¥€,false
linyangyang_tuky,680,7485654689015434504,t lÃºc 11h Ä‘Ãªm :)),2025-03-25 08:03:19,2025-05-21 10:46:22,00:17,846K,96.9K,1429,10.7K,6176,"cayphimtrung, amthanhquenthuoc, phimtrung",https://www.tiktok.com/@linyangyang_tuky/video/7485654689015434504,7485654741729856257,nháº¡c ná»n - dingyuxi,12 videos,dingyuxi,true
dsiuu7_,343.7K,7483613471859313938,Anh cáº£ ÄÃ´ng Nam Ã ğŸ’€ğŸ”¥,2025-03-19 20:02:21,2025-05-21 10:46:38,00:22,1.1M,119.5K,1038,6075,7679,"vietnam, dtvn, doituyenvietnam, fyp, foryou, football, futbol, tatcalataixry",https://www.tiktok.com/@dsiuu7_/video/7483613471859313938,7483613534216211201,nháº¡c ná»n - dsiuu7_,71 videos,dsiuu7_,true
_thiendinh207,1044,7485942344131300615,ğ™ğ™§ğ™ªÌ›ğ™¤Ì›Ì€ğ™£ğ™œ ğ™©ğ™¤Ì‚ğ™ ğ™£ğ™ğ™ªÌ› ğ™£ğ™–Ì€ğ™® ğ™©ğ™§ğ™ªÌ›ğ™¤Ì›Ì€ğ™£ğ™œ ğ™—ğ™–Ì£ğ™£ ğ™£ğ™ğ™ªÌ› ğ™£ğ™–Ì€ğ™¤ ğŸ”¥,2025-03-26 02:39:34,2025-05-21 10:46:52,00:26,745.9K,39.8K,334,73K,1814,"xuhuong, thietkethoitrang, doanthanhnien, thptnguyenmongtuan",https://www.tiktok.com/@_thiendinh207/video/7485942344131300615,7083981032097417989,original sound,43.1K videos,shaunthesheep,false
vuikhoe8386,1681,7505195610853625096,5 dáº¥u hiá»‡u tháº­n Ä‘ang â€œxuá»‘ng cáº¥pâ€ mÃ  chá»‹ em dá»… bá» qua nháº¥t:,2025-05-16 23:52:04,2025-05-21 10:47:10,00:05,554.3K,2967,88,442,278,"vuikhoemoingay, than, suythan, benhthan, suckhoe, learnontiktok, suckhoe",https://www.tiktok.com/@vuikhoe8386/video/7505195610853625096,7497646921256717072,nháº¡c ná»n - Vui Khoáº» Má»—i NgÃ y,7 videos,Lee Nguyá»…n-vui khoáº» má»—i ngÃ y,true
hoangvinhhh,11.5M,7495699329731251463,HoÃ ng Vinh vÃ  cÃ¡i chiáº¿c Ä‘Å©a tháº§n kÃ¬ âœ¨:))),2025-04-21 09:41:39,2025-05-21 10:47:30,00:13,6.5M,201.5K,4210,7878,10.8K,vinhmc,https://www.tiktok.com/@hoangvinhhh/video/7495699329731251463,7488342737480993542,nháº¡c ná»n - ğ˜¼ğ™§ğ™ğ™¨ ğ™ˆğ™ªğ™¨ğ™ğ™˜,128K videos,ğ˜¼ğ™§ğ™ğ™¨ ğ™ˆğ™ªğ™¨ğ™ğ™˜,false
,,7479628531593514257,,2025-03-09 02:18:45,2025-05-21 10:47:48,,,226,,,,,,,,,,
numbanhjokkhmer,58.1K,7479628531593514257,,2025-03-09 02:18:45,2025-05-21 10:48:39,00:15,5.2M,386.2K,1716,5262,28.5K,"wangzhixing, á˜áŸ‰áŸ‚áŠáŸ„áŸ‡, ä¸ƒé¡†çŒ©çŒ©, foryoupage, fypã‚·ã‚š",https://www.tiktok.com/@numbanhjokkhmer/video/7479628531593514257,7365517050771360513,á€™á€°á€›á€„á€ºá€¸á€¡á€á€¶ - á€€á€±á€¬á€„á€ºá€œá€±á€¸ ğŸ‡²ğŸ‡²ğŸ‡²ğŸ‡²( ğš‚ğ™¾ğ™»ğ™¾  ),1327 videos,shwelann003,false
_nqt_08th05,362.9K,7497158940468235538,,2025-04-25 08:05:41,2025-05-21 10:48:55,00:07,,62.4K,250,2931,6364,"_nqt_08th05, ddnxuhuong",https://www.tiktok.com/@_nqt_08th05/video/7497158940468235538,7319498346497542914,nháº¡c ná»n - declarationğŸ¶,6533 videos,declarationğŸ¶,false
tofn.official,818.5K,7484465872254356744,Anh giao hÃ ng vÃ  cÃ´ tiá»ƒu thÆ¡ nhá» ğŸ‘§â¤ï¸,2025-03-22 03:10:06,2025-05-21 10:49:13,00:11,8.2M,314.6K,1763,4623,13.3K,tranquoctoan,https://www.tiktok.com/@tofn.official/video/7484465872254356744,7481506469150591760,åŸå£° - YOUKU Vietnam,18.5K videos,YOUKU Vietnam,false
caimogivay,69K,7476629649762602248,,2025-03-01 00:21:33,2025-05-21 10:49:30,00:06,16.5M,1.5M,20.6K,1.1M,57.5K,,https://www.tiktok.com/@caimogivay/video/7476629649762602248,7367978265918393094,suara asli - willwill,14.6K videos,will,false
vuthihai221208,1407,7494894434555890952,HÃ nh trÃ¬nh giáº£m 200 xuá»‘ng 41 kÃ­:)))ğŸ¥µ,2025-04-19 05:38:15,2025-05-21 10:49:50,00:17,494.9K,33.6K,320,2444,1320,,https://www.tiktok.com/@vuthihai221208/video/7494894434555890952,7494344854361705233,nháº¡c ná»n - hoqqphuc,28.6K videos,mÃ¡y dáº­p An Giang,false
iaa_haa,2435,7489813211324206391,em theo anhh,2025-04-05 13:00:30,2025-05-21 10:50:07,00:22,1.7M,185.7K,678,27.3K,10.4K,parkbogum,https://www.tiktok.com/@iaa_haa/video/7489813211324206391,7489457143100312326,nháº¡c ná»n - Ah pá»‹a bÃ© bá»ng,36.4K videos,Ra ma tÃª ğŸ—¿ğŸ—¿,false
trangxinhremix,154.3K,7489063641140956422,LÃ²ng NgÆ°á»i KhÃ³ NÃ³i Em Æ i - Thar Ã— ÄÃ´ng Remix,2025-04-03 12:31:47,2025-05-21 10:50:21,09:14,6.2M,325.1K,3011,7163,32.8K,"nhacremmix, tiktok, nhachaymoingay",https://www.tiktok.com/@trangxinhremix/video/7489063641140956422,7489063650762771205,nháº¡c ná»n - Trang Xinh Music,2125 videos,Trang Xinh Music,true
phg_tf,20.5K,7505760884929678600,CHÃšC Má»ªNG SINH NHáº¬T BÃC Há»’ KÃNH YÃŠUğŸ‡»ğŸ‡³âœ¨,2025-05-18 12:25:37,2025-05-21 10:50:35,00:25,2.9M,542.9K,6000,141.2K,38.4K,"hochiminh, xuhuong, fyp",https://www.tiktok.com/@phg_tf/video/7505760884929678600,7505760914282007313,nháº¡c ná»n - ğ‘»ğ’‡â€¢ğ’ğ‘º,215 videos,ğ‘»ğ’‡â€¢ğ’ğ‘º,true
thevinh_1510,1M,7486069963971710215,Äá»ƒ rá»“i khÃ´ng biáº¿t láº¯c hÃ´ng :)),2025-03-26 10:54:48,2025-05-21 10:50:50,00:07,,304.7K,708,6349,8340,"doanthevinh, dinhnghiemtuc, latmat8",https://www.tiktok.com/@thevinh_1510/video/7486069963971710215,7481690385455893265,nháº¡c ná»n - Chunny Nguyá»…n,5811 videos,Chunny Nguyá»…n,false
if.hkagnn_,5012,7479606107191659794,..,2025-03-09 00:51:44,2025-05-21 10:51:08,00:23,2.4M,262.6K,1086,10.8K,23K,"fyp, 2025, capcut",https://www.tiktok.com/@if.hkagnn_/video/7479606107191659794,7479606159986133776,nháº¡c ná»n - love n,92 videos,tit iu oy ~,true
hoaminzy_hoadambut,6.5M,7476064550148934930,TEASER MV Báº®C BLING ( Báº®C NINH ),2025-02-27 11:48:41,2025-05-21 10:51:22,00:25,10M,770.7K,4909,14.1K,24.5K,"hoaminzy, bacbling, bacninh",https://www.tiktok.com/@hoaminzy_hoadambut/video/7476064550148934930,7476064605278571280,nháº¡c ná»n - HoÃ  Minzy,792 videos,HoÃ  Minzy,true
vylehaha,287.1K,7476348927822793992,,2025-02-28 06:12:13,2025-05-21 10:51:40,00:14,12.7M,658.3K,10.2K,35.4K,26.3K,,https://www.tiktok.com/@vylehaha/video/7476348927822793992,7470599319368796929,åŸå£° - æ–½ç¾äºº.ğŸ–¤,106.9K videos,shimeiren5109,false
thaocoi2004,19.3K,7501982248732806408,Trend nÃ y hay quÃ¡ â€¦.,2025-05-08 08:02:35,2025-05-21 10:51:55,00:14,1.2M,65.4K,1378,6081,6484,,https://www.tiktok.com/@thaocoi2004/video/7501982248732806408,7501982303263001345,nháº¡c ná»n - Fan DÆ°Æ¡ng NgÃ´ Kháº£i,579 videos,Fan DÆ°Æ¡ng NgÃ´ Kháº£i,true
ngan98.chinhchu,893.6K,7476429557759839495,Bum cha ca la cÃ  ğŸ’ƒ,2025-02-28 11:25:06,2025-05-21 10:52:12,00:34,2.3M,72.4K,609,432,2371,"ngan98, djngan98, luongbangquang",https://www.tiktok.com/@ngan98.chinhchu/video/7476429557759839495,7476429627930561296,nháº¡c ná»n - DJ NGÃ‚N 98,242 videos,DJ NGÃ‚N 98,true
changtraihaybuon66,54.2K,7500193750849801480,,2025-05-03 12:22:18,2025-05-21 10:52:28,00:10,809.1K,88.5K,326,7696,7525,,https://www.tiktok.com/@changtraihaybuon66/video/7500193750849801480,6896111058679843585,sonido original,141.3K videos,ğŸƒâ€â™€ï¸,false
lethiyeenvy08,828.9K,7479989262432161032,,2025-03-10 01:38:34,2025-05-21 10:52:44,00:11,,162K,804,11.3K,4014,,https://www.tiktok.com/@lethiyeenvy08/video/7479989262432161032,6714815469745916674,BÃ n tay diá»‡u ká»³,134.7K videos,ÄoÃ n Quá»‘c ThÃ nh,false
htrinhh_9409,1525,7500205910023818503,,2025-05-03 13:09:29,2025-05-21 10:53:01,00:12,3.1M,152.6K,2252,19.8K,10.6K,mykhequangngai,https://www.tiktok.com/@htrinhh_9409/video/7500205910023818503,7464083298172537617,nháº¡c ná»n - ğ—¶ğ˜‚ê«‚Â á´á‚…á´,12.9K videos,ğ—¶ğ˜‚ê«‚Â á´á‚…á´,false
quc.bnh546,28.6K,7493136890447629586,Nháº¡c hay ~ | Ä‘eo tai nghe Ä‘á»ƒ cÃ³ cáº£m nháº­n Ã¢m nháº¡c tá»‘t hÆ¡nğŸ§ğŸ¶,2025-04-14 11:58:05,2025-05-21 10:53:18,00:15,497.7K,24.1K,87,496,1800,"aveeplayer, xuhuongtiktok, vairal, nhac8d, nhacremix, nhachaymoingay, nhacchill, longervideos, slowed, fypã‚·, aveeplayer",https://www.tiktok.com/@quc.bnh546/video/7493136890447629586,7489659156115426049,nháº¡c ná»n - ğ˜½ğ™–Ì‰ğ™¤ ğ™ğ™ªğ™®ğ™šÌ‚ğ™£ ğŸ³ğŸ²,826 videos,ğ˜½ğ™–Ì‰ğ™¤ ğ™ğ™ªğ™®ğ™šÌ‚ğ™£ ğŸ³ğŸ²,false
iphonatics,544.7K,7485056717751930120,,2025-03-23 17:22:53,2025-05-21 10:53:36,00:18,,152.9K,508,4234,11.5K,"iphonecamera, iphone14promax, iphone, iphone14pro",https://www.tiktok.com/@iphonatics/video/7485056717751930120,7353274869150550817,She calls my phone with emergency,170.1K videos,em23r,false
mejin161299,170.8K,7500933576628653320,KÃ¬ nha ğŸ¤£ğŸ‘¶ğŸ»ğŸ’•,2025-05-05 12:13:12,2025-05-21 10:53:51,00:13,,761.8K,5447,304.1K,31.1K,"cujin, contraicung",https://www.tiktok.com/@mejin161299/video/7500933576628653320,7497893345692830465,nháº¡c ná»n - @ kha,66.7K videos,@ kha,false
haz_0307,1728,7497847054769704212,: quÃ¢n triá»u Ä‘Ã¬nh cá»¡ nÃ y dÃ¢n cá»¡ nÃ oğŸ™‰,2025-04-27 04:35:55,2025-05-21 10:54:06,00:20,797K,118.6K,1158,7818,9637,"30thang4, dieubinh",https://www.tiktok.com/@haz_0307/video/7497847054769704212,7497847115466443521,nháº¡c ná»n - ğ˜©ğ˜¢ğ˜»â•,26 videos,ğ˜©ğ˜¢ğ˜»â•,true
ducnh.09,1961,7499795213347556626,Má»›i ngÃ y nghá»‰ lá»… thá»© 3 Ä‘Ã£ thá»Ÿ báº±ng má»“m rá»“i ğŸ˜­,2025-05-02 10:35:46,2025-05-21 10:54:23,00:06,5.3M,189.7K,6697,73.5K,9182,,https://www.tiktok.com/@ducnh.09/video/7499795213347556626,7156880472193256194,original sound,111.3K videos,PieterJohnsen,false
thao_denn,931.9K,7501381660210924818,,2025-05-06 17:12:00,2025-05-21 10:54:39,00:09,,42.4K,197,597K,2143,"thao_denn, lunyentertainment",https://www.tiktok.com/@thao_denn/video/7501381660210924818,7444912114433624080,LUNY Not Sad,10.6K videos,ThÃ´ngğŸ¥€,false
h.sao11,21.7K,7481657247806901524,Báº¯c BLing  Dance nhÃ­,2025-03-14 13:31:12,2025-05-21 10:54:56,03:13,,159K,2490,7355,8316,"trendbacbling, â¤ï¸â¤ï¸â¤ï¸, xuhuongtiktok",https://www.tiktok.com/@h.sao11/video/7481657247806901524,7476043664717727745,Báº¯c Bling (Báº¯c Ninh) (Prod. by Masew),133.7K videos,HoÃ  Minzy|XuÃ¢n Hinh|Tuáº¥n Cry,false
l91_ent,3008,7505273727056121095,,2025-05-17 04:55:12,2025-05-21 10:55:14,00:15,2.3M,129K,3733,90.4K,11.1K,l91_ent,https://www.tiktok.com/@l91_ent/video/7505273727056121095,7505273749815298817,nháº¡c ná»n - L9/1 ENTERTAINMENT,61 videos,L9/1 ENTERTAINMENT,true
hungrom97.official,1.4M,7483003328998182145,Báº¯c Bling phiÃªn báº£n giá»ng Thanh HoÃ¡,2025-03-18 04:34:41,2025-05-21 10:55:31,02:20,,89K,2183,1472,3750,"hungrom, huticouple, bacbling",https://www.tiktok.com/@hungrom97.official/video/7483003328998182145,7483003711368350481,nháº¡c ná»n - HÃ¹ng RÆ¡m,8 videos,HÃ¹ng RÆ¡m,true
_a9dethuongnhatltk_,1253,7504968284513537288,xoÃ¨ bÃ n tay lá»¥m giáº£i hsgğŸ˜‹,2025-05-16 09:09:56,2025-05-21 10:55:51,00:17,2.9M,216.2K,9593,117.5K,26.3K,"a9, bautroiblue_loongkublack_jackthibocon, xh, fyp",https://www.tiktok.com/@_a9dethuongnhatltk_/video/7504968284513537288,7490608347617184513,nháº¡c ná»n - hÃ o ko yÃªu(::,233.3K videos,hÃ o ko yÃªu(::,false
lethiyeenvy08,828.9K,7482570031474183442,ngáº¡i qÃ³,2025-03-17 00:33:16,2025-05-21 10:56:06,00:15,,355.9K,1644,5984,11.2K,,https://www.tiktok.com/@lethiyeenvy08/video/7482570031474183442,7476075815269108496,nháº¡c ná»n - changmireview,45.3K videos,changmireview,false
vdhiep2k1,1.5M,7482011002091883784,May mÃ  chá»‰ dá»™t,2025-03-15 12:23:57,2025-05-21 10:56:26,00:32,1M,61.4K,347,3935,1348,"fyp, xuhuong, viral",https://www.tiktok.com/@vdhiep2k1/video/7482011002091883784,7478990320345041680,nháº¡c ná»n - Meodepzai ğŸ«§,55.6K videos,Meodz ğŸ€,false
theanh28trending,7.6M,7484576660549831954,KHÃ”NG CÃ“ CAM NÃ“I KHÃ”NG AI TIN =)),2025-03-22 10:20:01,2025-05-21 10:56:46,00:25,,574.4K,13.7K,136.3K,28.5K,"theanh28, theanh28trending, tiktoknews, tiktokgiaitri",https://www.tiktok.com/@theanh28trending/video/7484576660549831954,7484576732843182864,nháº¡c ná»n - THEANH28 TRENDING,12 videos,THEANH28 TRENDING,true
cartied,335.9K,7504165320735739144,Tráº£ lá»i,2025-05-14 05:14:01,2025-05-21 10:57:04,01:16,5.9M,292.8K,4803,10K,21.2K,"cartied, latmat8",https://www.tiktok.com/@cartied/video/7504165320735739144,7504165358291471121,nháº¡c ná»n - Cartie Diá»…m ğŸ¦¢,2078 videos,Cartie Diá»…m ğŸ¦¢,true
capttainboy11_06,1.4M,7477161796806118664,KhÃ´ng sao Ä‘Ã¢u chá»‹ ha,2025-03-02 10:46:33,2025-05-21 10:57:23,00:21,2.7M,279.2K,3751,8085,24.4K,captainboy,https://www.tiktok.com/@capttainboy11_06/video/7477161796806118664,7462989464429037584,KhÃ´ng Sao ÄÃ¢u (Theme Song From Tet 2025 Movie â€œBá»™ Tá»© BÃ¡o Thá»§â€),5757 videos,CAPTAIN BOY,true
_pghihi,975.8K,7504680837376396564,á»«m Æ°m ngonn,2025-05-15 14:34:29,2025-05-21 10:57:40,00:26,7.9M,409.9K,783,9339,11.9K,,https://www.tiktok.com/@_pghihi/video/7504680837376396564,6771810675950880769,QKThr,3.2M videos,,false
tieudungthongminh.media,4766,7505259450865847559,"Äá»«ng Ä‘Ã¹a vá»›i Conan Viá»‡t Nam, chuyáº¿n nÃ y Boss NgÃ¢n Collagen tá»›i cÃ´ng chuyá»‡n",2025-05-17 03:59:48,2025-05-21 10:57:56,00:20,,82.1K,3686,4541,3097,"tieudungthongminh, doisong, hanggia, ngancollagen, ngan98",https://www.tiktok.com/@tieudungthongminh.media/video/7505259450865847559,7505259473888480001,nháº¡c ná»n - TiÃªu DÃ¹ng ThÃ´ng Minh,240 videos,TiÃªu DÃ¹ng ThÃ´ng Minh,true
manhchieu05,1074,7500427342234324242,,2025-05-04 03:28:45,2025-05-21 10:58:11,00:11,644.2K,27.9K,650,5603,2528,"bien, xh, trending",https://www.tiktok.com/@manhchieu05/video/7500427342234324242,7464083298172537617,nháº¡c ná»n - ğ—¶ğ˜‚ê«‚Â á´á‚…á´,12.9K videos,ğ—¶ğ˜‚ê«‚Â á´á‚…á´,false
_____tionugroho_____,1M,7473388036680731910,Shanks & Beckman melihat poster Yonkou Luffy ğŸ”¥ğŸ”¥,2025-02-20 06:42:26,2025-05-21 10:58:25,00:35,,965K,3697,19.6K,98.5K,"onepiece, onepieceedit, luffy, shanks, beckman, fyp, furikenn",https://www.tiktok.com/@_____tionugroho_____/video/7473388036680731910,7473388296662059781,Butterfly,3742 videos,furikenn,true
dnkhaii,868.4K,7486136157424717074,Muá»™n trendâ€¦ğŸ’ªğŸ»ğŸ’ (DC: ? ),2025-03-26 15:11:40,2025-05-21 10:58:42,00:13,2.4M,178.8K,2585,6139,12K,"xuhuong, xuhuongtiktok",https://www.tiktok.com/@dnkhaii/video/7486136157424717074,7480831896436427525,åŸè² - ä½ boss.,81.2K videos,ä½ boss.,false
hoaa.hanassii,17.7M,7493860967529352455,Tá»± hÃ o lÃ  ngÆ°á»i Viá»‡t Nam ğŸ‡»ğŸ‡³ (dc:,2025-04-16 10:47:52,2025-05-21 10:59:00,00:56,3.8M,291K,5621,5733,12K,,https://www.tiktok.com/@hoaa.hanassii/video/7493860967529352455,7484566875473496848,MÃ¡u Äá» Da VÃ ng Wang2k8 Remix,448.8K videos,XuÃ¢n Nam â™ª,false
longlualoc,21.1K,7476405690270076178,"TrÆ°á»ng THPT Y Jut, CÆ° Kuin, Äáº¯k Láº¯k. TrÆ°á»ng nÃ o tiáº¿p theo bÃªn CÆ°kuin sáº½ lÃªn sÃ³ng Ä‘Ã¢y nhá»‰ ?",2025-02-28 09:52:29,2025-05-21 10:59:18,01:13,,13K,493,834,512,váº»Ä‘áº¹pkrÃ´ngana,https://www.tiktok.com/@longlualoc/video/7476405690270076178,7476405762605009681,nháº¡c ná»n - Váº» Ä‘áº¹p Krong Ana,4 videos,Váº» Ä‘áº¹p Krong Ana,true
_nown_2,359,7501374639344602386,â˜ºï¸,2025-05-06 16:44:45,2025-05-21 10:59:34,00:06,870.9K,46.7K,777,35.7K,4325,,https://www.tiktok.com/@_nown_2/video/7501374639344602386,7501374664628472577,nháº¡c ná»n - Ná»£n bÃ©o,2 videos,Ná»£n bÃ©o,true
,,7478890605351898376,,2025-03-07 02:35:13,2025-05-21 10:59:49,,,51.2K,,,,,,,,,,
trongphat999,18K,7478890605351898376,â€œLÃ²ng ngÆ°á»i khÃ³ nÃ³i em Æ¡i..,2025-03-07 02:35:13,2025-05-21 11:00:40,00:34,1.6M,111.4K,731,5116,7988,,https://www.tiktok.com/@trongphat999/video/7478890605351898376,7351454223212727042,nháº¡c ná»n - Music,10.1K videos,Ngphg03,false
yeunutmotchut,254K,7482711790900530439,,2025-03-17 09:43:22,2025-05-21 11:00:58,00:15,,497.7K,2422,29.1K,21.4K,,https://www.tiktok.com/@yeunutmotchut/video/7482711790900530439,7480112387167636241,nháº¡c ná»n - bino,50.5K videos,bino,false
heiwadokarateclub,3278,7495351703575792916,Cá»© sau giá» táº­p lÃ  Ãª há» tiá»ƒu pháº©m ğŸ˜…,2025-04-20 11:12:41,2025-05-21 11:01:16,00:11,3.6M,84.7K,642,2433,5324,"Heiwadokarateclub, karate, capcut, viral, xh, trending",https://www.tiktok.com/@heiwadokarateclub/video/7495351703575792916,7495351798694284048,nháº¡c ná»n - HEIWADO KARATE CLUB ğŸ¥‹,94 videos,HEIWADO KARATE CLUB ğŸ¥‹,true
maymaymimeo,8441,7482994361219779847,Nay bÃ  chá»Ÿ Ä‘i bá»¯a sau tá»›i tui,2025-03-18 03:59:53,2025-05-21 11:01:33,00:20,10.7M,525.3K,23K,541.6K,30.9K,,https://www.tiktok.com/@maymaymimeo/video/7482994361219779847,6848479447771892481,nháº¡c ná»n - PAGE NÃ€Y CHILL PHáº¾T,2959 videos,PAGE NÃ€Y CHILL PHáº¾T,false
dinvitg02,588.2K,7498401787922156818,ÄÄƒng giá» nÃ y ai coi ta hhh,2025-04-28 16:28:34,2025-05-21 11:01:52,03:46,751.2K,47.2K,998,990,1984,"dinhviettuong, singing, lukasgraham, 7years",https://www.tiktok.com/@dinvitg02/video/7498401787922156818,7498402149106305808,nháº¡c ná»n - Viáº¿t TÆ°á»ng,4 videos,Viáº¿t TÆ°á»ng,true
notlazybucket,17.6K,7495980599023340808,,2025-04-22 03:53:07,2025-05-21 11:02:08,00:24,3.8M,386.2K,6687,88.7K,42K,,https://www.tiktok.com/@notlazybucket/video/7495980599023340808,7495980645605329680,original sound - Lazybucket,885 videos,Lazybucket,true
befansie,2.1M,7480494492735261972,Ai rá»“i cÅ©ng Báº¯c Bling thÃ´iii ğŸŒ¹,2025-03-11 10:19:07,2025-05-21 11:02:25,00:32,21.5M,828.8K,15.2K,16.5K,45.2K,,https://www.tiktok.com/@befansie/video/7480494492735261972,7477225841984047889,nháº¡c ná»n - DJ Duy Anh NÄ,238.3K videos,DJ Duy Anh NÄ,false
dnkhaiver2,214.3K,7481086346681961736,LÆ°á»›t Ä‘Æ°á»£c con nháº¡c chÃ¡y quÃ¡â€¦ğŸ¤ª,2025-03-13 00:35:49,2025-05-21 11:02:44,00:15,1.4M,132.1K,865,5209,7062,,https://www.tiktok.com/@dnkhaiver2/video/7481086346681961736,7474598748443298577,nháº¡c ná»n - Sá»¯a TÆ°Æ¡i KhÃ´ng ÄÆ°á»ngğŸ˜´,4616 videos,Sá»¯a TÆ°Æ¡i KhÃ´ng ÄÆ°á»ngğŸ˜´,false
minhquann0906,13.3K,7492777018426182930,ğŸ«£,2025-04-13 12:41:35,2025-05-21 11:03:01,00:14,14.5M,433.9K,6692,26.4K,18.2K,"bodoibienphong, hocvienbienphong, xuhuong",https://www.tiktok.com/@minhquann0906/video/7492777018426182930,7434096170597583632,original sound - kkiividd,4642 videos,KIIVID,false
tnhp_1002,91.3K,7505120258412399889,":""BÃ  TÃ©p há»•ng dá»¯ ai dá»¯...:))ğŸ¥´""",2025-05-16 18:59:40,2025-05-21 11:03:19,00:18,645.8K,25K,110,419,1584,"chiecvongngocbich, tranphanhoangyen, lehaanh",https://www.tiktok.com/@tnhp_1002/video/7505120258412399889,7505120341036256017,nháº¡c ná»n - ğ™ğ™ğ™ª ğ˜¿ğ™–ğ™®ğ™®ğ™®ğŸ’«,2 videos,ğ™ğ™ğ™ª ğ˜¿ğ™–ğ™®ğ™®ğ™®ğŸ’«,true
ntrnminh,163.8K,7493077713092119826,the gioi nay la cua em ğŸ˜,2025-04-14 08:08:26,2025-05-21 11:03:36,00:17,1.7M,156K,540,6545,8114,"capcut, fyp, viral, xuhuong, tiktok, patin, maxpatin",https://www.tiktok.com/@ntrnminh/video/7493077713092119826,7432986890384526081,nháº¡c ná»n - DJ Huy Z,26.8K videos,DJ Huy Z,false
duydonumberone,7488,7474125512370113810,ğŸ«£,2025-02-22 06:24:13,2025-05-21 11:03:54,00:10,680.4K,28.3K,418,4421,1170,,https://www.tiktok.com/@duydonumberone/video/7474125512370113810,7463403753266580240,,,,false
halynh08,5736,7499498496005836050,báº£n lÃ ng yÃªu Æ¡i ğŸ˜—,2025-05-01 15:24:21,2025-05-21 11:04:11,00:17,621.1K,82.8K,1763,21.9K,4187,,https://www.tiktok.com/@halynh08/video/7499498496005836050,7490049677811927814,nháº¡c ná»n - Anh Tuanâ€¼ï¸,8570 videos,á´€É´Êœ á´›á´œá´€É´â“,false
